H,0.0,0.0,-0.15056818181818182,0.13139204545454544,-0.3515625,0.18678977272727273,-0.5461647727272727,0.12215909090909091,-0.6967329545454546,0.07954545454545454,-0.34517045454545453,0.3742897727272727,-0.6370738636363636,0.3884943181818182,-0.8188920454545454,0.3806818181818182,-0.9509943181818182,0.3778409090909091,-0.2869318181818182,0.30326704545454547,-0.6271306818181818,0.2897727272727273,-0.8451704545454546,0.2840909090909091,-1.0,0.2784090909090909,-0.2571022727272727,0.18394886363636365,-0.5710227272727273,0.06178977272727273,-0.5681818181818182,-0.024857954545454544,-0.5149147727272727,-0.046875,-0.24147727272727273,0.06178977272727273,-0.4921875,-0.03551136363636364,-0.5333806818181818,-0.09517045454545454,-0.5227272727272727,-0.11434659090909091
H,0.0,0.0,-0.0625,0.2261904761904762,-0.2425595238095238,0.41220238095238093,-0.45089285714285715,0.484375,-0.6034226190476191,0.49702380952380953,-0.22544642857142858,0.5952380952380952,-0.5290178571428571,0.6428571428571429,-0.7202380952380952,0.6376488095238095,-0.8757440476190477,0.6205357142857143,-0.21279761904761904,0.48735119047619047,-0.6056547619047619,0.49181547619047616,-0.8325892857142857,0.47544642857142855,-1.0,0.46577380952380953,-0.22395833333333334,0.34077380952380953,-0.6078869047619048,0.27827380952380953,-0.6056547619047619,0.17857142857142858,-0.5386904761904762,0.12797619047619047,-0.25297619047619047,0.18229166666666666,-0.5558035714285714,0.14434523809523808,-0.5513392857142857,0.09598214285714286,-0.4806547619047619,0.08035714285714286
H,0.0,0.0,-0.08195542774982027,0.18763479511143064,-0.29043853342918763,0.27462257368799425,-0.5003594536304816,0.22142343637670742,-0.6398274622573688,0.14234363767074049,-0.25521207764198417,0.3465132997843278,-0.590941768511862,0.2875629043853343,-0.7613227893601725,0.24083393242271747,-0.8964773544212796,0.20273184759166069,-0.24802300503235084,0.18835370237239396,-0.6204169662113588,0.13946800862688713,-0.8468727534148095,0.10136592379583034,-1.0,0.06613946800862688,-0.26024442846872753,0.020848310567936738,-0.5945363048166786,0.028037383177570093,-0.5657800143781452,0.0625449317038102,-0.4974838245866283,0.07332854061826025,-0.2839683680805176,-0.11646297627606039,-0.5363048166786485,-0.056074766355140186,-0.505391804457225,-0.017253774263120056,-0.44284687275341483,-0.0050323508267433505
H,0.0,0.0,-0.0686482661004954,0.18895966029723993,-0.27105449398443027,0.28520877565463554,-0.4819532908704883,0.24203821656050956,-0.6312809624911536,0.17480537862703469,-0.24416135881104034,0.359518754423213,-0.5824486907289455,0.3213021939136589,-0.7515923566878981,0.28591648973814576,-0.8910120311394196,0.25902335456475584,-0.24911535739561216,0.20099079971691436,-0.6213729653220099,0.17338995046001415,-0.8443029016277424,0.15286624203821655,-1.0,0.1337579617834395,-0.26963906581740976,0.036093418259023353,-0.5895258315640481,0.06086341118188252,-0.5449398443029017,0.0870488322717622,-0.4713375796178344,0.09341825902335456,-0.29723991507430997,-0.09766454352441614,-0.535031847133758,-0.027600849256900213,-0.4968152866242038,0.0021231422505307855,-0.43312101910828027,0.008492569002123142
H,0.0,0.0,-0.058383233532934134,0.2245508982035928,-0.23278443113772454,0.4116766467065868,-0.43263473053892215,0.49101796407185627,-0.5830838323353293,0.5037425149700598,-0.20958083832335328,0.5965568862275449,-0.5127245508982036,0.6511976047904192,-0.7043413173652695,0.6429640718562875,-0.8592814371257484,0.624251497005988,-0.20808383233532934,0.4977544910179641,-0.6025449101796407,0.5149700598802395,-0.8308383233532934,0.49925149700598803,-1.0,0.4940119760479042,-0.22979041916167664,0.3592814371257485,-0.6055389221556886,0.2964071856287425,-0.5950598802395209,0.19386227544910178,-0.5247005988023952,0.1467065868263473,-0.2679640718562874,0.20658682634730538,-0.5523952095808383,0.16467065868263472,-0.5359281437125748,0.10479041916167664,-0.4595808383233533,0.0875748502994012
H,0.0,0.0,-0.07148231753197894,0.22046651617757712,-0.25733634311512416,0.40481565086531224,-0.4680210684725357,0.47705041384499625,-0.618510158013544,0.49887133182844245,-0.21896162528216703,0.6034612490594432,-0.5206922498118887,0.6568848758465011,-0.7118133935289691,0.6516177577125658,-0.8698269375470279,0.6328066215199398,-0.2076749435665914,0.5003762227238525,-0.5974416854778029,0.5176824680210684,-0.8284424379232506,0.5033860045146726,-1.0,0.49435665914221216,-0.22121896162528218,0.3581640331075997,-0.6012039127163281,0.29947328818660646,-0.6087283671933785,0.19714070729872085,-0.5500376222723853,0.14672686230248308,-0.255079006772009,0.20316027088036118,-0.54627539503386,0.15876598946576373,-0.5410082768999247,0.10458991723100075,-0.47027840481565086,0.09104589917231001
H,0.0,0.0,-0.14146341463414633,0.1994579945799458,-0.32899728997289973,0.2872628726287263,-0.4991869918699187,0.2915989159891599,-0.6677506775067751,0.26558265582655827,-0.34254742547425476,0.39295392953929537,-0.6455284552845528,0.35609756097560974,-0.8401084010840109,0.3105691056910569,-0.9842818428184282,0.26070460704607046,-0.2926829268292683,0.25149051490514907,-0.6802168021680217,0.210840108401084,-0.8655826558265582,0.16693766937669377,-1.0,0.13821138211382114,-0.2813008130081301,0.1002710027100271,-0.6531165311653117,0.046612466124661245,-0.6021680216802168,0.01951219512195122,-0.4981029810298103,0.02005420054200542,-0.2872628726287263,-0.037940379403794036,-0.564769647696477,-0.07804878048780488,-0.5392953929539296,-0.08563685636856369,-0.45203252032520325,-0.06775067750677506
H,0.0,0.0,-0.17854217854217855,0.16871416871416872,-0.4168714168714169,0.3235053235053235,-0.6191646191646192,0.31285831285831284,-0.7166257166257166,0.23996723996723995,-0.15397215397215397,0.4226044226044226,-0.6150696150696151,0.3955773955773956,-0.8632268632268633,0.2858312858312858,-1.0,0.20475020475020475,-0.0687960687960688,0.1941031941031941,-0.6543816543816544,0.1122031122031122,-0.8083538083538083,0.07125307125307126,-0.8525798525798526,0.07125307125307126,-0.04095004095004095,-0.05241605241605242,-0.5757575757575758,-0.10237510237510238,-0.6208026208026208,-0.0990990990990991,-0.5536445536445537,-0.0687960687960688,-0.05405405405405406,-0.2628992628992629,-0.47911547911547914,-0.2809172809172809,-0.5266175266175266,-0.2628992628992629,-0.44717444717444715,-0.22768222768222768
H,0.0,0.0,-0.15882806476484193,0.243639167309175,-0.39475713184271394,0.47494217424826524,-0.6198920585967618,0.5466461063993832,-0.733230531996916,0.5096376252891287,-0.2945258288357749,0.5281418658442559,-0.6792598303777949,0.5481881264456437,-0.8758673862760216,0.4818812644564379,-1.0,0.42328450269853507,-0.243639167309175,0.3353893600616808,-0.787201233616037,0.28527370855821127,-0.9236700077101002,0.243639167309175,-0.9591364687740941,0.2166538164996145,-0.2274479568234387,0.09483423284502698,-0.7455666923670008,0.052428681572860444,-0.7663839629915189,0.06784888203546646,-0.6877409406322282,0.08018504240555127,-0.2305319969159599,-0.14417887432536622,-0.6569005397070162,-0.1318427139552814,-0.694680030840401,-0.09791827293754819,-0.5967617579028527,-0.08249807247494217
H,0.0,0.0,-0.11231101511879049,0.1447084233261339,-0.32469402447804174,0.20806335493160547,-0.5421166306695464,0.1447084233261339,-0.6868250539956804,0.09719222462203024,-0.3254139668826494,0.4017278617710583,-0.6198704103671706,0.4240460763138949,-0.7984161267098632,0.41540676745860333,-0.9344852411807055,0.4038876889848812,-0.29301655867530596,0.3347732181425486,-0.6342692584593232,0.3254139668826494,-0.8459323254139669,0.31965442764578833,-1.0,0.3095752339812815,-0.279337652987761,0.21958243340532757,-0.5881929445644348,0.0964722822174226,-0.5622750179985602,0.01079913606911447,-0.49820014398848095,-0.017998560115190784,-0.27717782577393807,0.08999280057595392,-0.5118790496760259,-0.01583873290136789,-0.5406767458603312,-0.07271418286537078,-0.5277177825773938,-0.09215262778977681
H,0.0,0.0,-0.11358734723220705,0.14234363767074049,-0.3235082674335011,0.2113587347232207,-0.5341480948957584,0.1509705248023005,-0.6750539180445723,0.100647016534867,-0.32638389647735444,0.40330697340043137,-0.6189791516894321,0.42343637670740475,-0.800862688713156,0.4162473040977714,-0.9381739755571531,0.40546369518332137,-0.28540618260244427,0.33501078360891445,-0.6297627606038821,0.3256649892163911,-0.8454349388928828,0.32207045291157443,-1.0,0.3163191948238677,-0.26455787203450754,0.21854780733285406,-0.5815959741193386,0.0884255930984903,-0.5664989216391085,0.0050323508267433505,-0.507548526240115,-0.017253774263120056,-0.2588066139468009,0.08698777857656362,-0.4974838245866283,-0.01653486700215672,-0.5305535585909418,-0.07117181883537024,-0.5176132278936018,-0.08986340762041696
H,0.0,0.0,-0.12660944206008584,0.1301859799713877,-0.34549356223175964,0.1888412017167382,-0.5608011444921316,0.12088698140200287,-0.6988555078683834,0.06509298998569385,-0.33476394849785407,0.3834048640915594,-0.6330472103004292,0.3927038626609442,-0.8154506437768241,0.38483547925608014,-0.9492131616595136,0.3776824034334764,-0.2875536480686695,0.3218884120171674,-0.6301859799713877,0.296137339055794,-0.8426323319027181,0.28397711015736765,-1.0,0.2761087267525036,-0.2625178826895565,0.20743919885550788,-0.5786838340486409,0.06795422031473533,-0.5600858369098712,-0.01430615164520744,-0.4978540772532189,-0.03648068669527897,-0.2525035765379113,0.07796852646638054,-0.5007153075822603,-0.03719599427753934,-0.5414878397711016,-0.0944206008583691,-0.5364806866952789,-0.11444921316165951
H,0.0,0.0,-0.12490974729241877,0.13501805054151625,-0.3364620938628159,0.192057761732852,-0.5429602888086643,0.11696750902527075,-0.6830324909747293,0.061371841155234655,-0.3328519855595668,0.3884476534296029,-0.628158844765343,0.4007220216606498,-0.8129963898916968,0.3884476534296029,-0.9487364620938629,0.376173285198556,-0.2808664259927798,0.3133574007220217,-0.6231046931407942,0.29386281588447655,-0.8447653429602888,0.28592057761732853,-1.0,0.275812274368231,-0.2527075812274368,0.19061371841155234,-0.5732851985559567,0.04837545126353791,-0.5631768953068592,-0.038267148014440436,-0.5046931407942238,-0.05848375451263538,-0.24115523465703972,0.05703971119133574,-0.49314079422382673,-0.05198555956678701,-0.5328519855595668,-0.10830324909747292,-0.5227436823104693,-0.12490974729241877
H,0.0,0.0,-0.04956896551724138,0.22413793103448276,-0.23132183908045978,0.39870689655172414,-0.4468390804597701,0.4547413793103448,-0.6027298850574713,0.4525862068965517,-0.23563218390804597,0.5581896551724138,-0.5280172413793104,0.5869252873563219,-0.7076149425287356,0.5718390804597702,-0.8577586206896551,0.5474137931034483,-0.24209770114942528,0.4489942528735632,-0.617816091954023,0.43462643678160917,-0.834051724137931,0.40229885057471265,-1.0,0.382183908045977,-0.2600574712643678,0.3031609195402299,-0.6020114942528736,0.2406609195402299,-0.5538793103448276,0.16451149425287356,-0.46623563218390807,0.14152298850574713,-0.2880747126436782,0.14655172413793102,-0.5574712643678161,0.10847701149425287,-0.514367816091954,0.07183908045977011,-0.4245689655172414,0.08117816091954023
H,0.0,0.0,-0.07202426080363912,0.2357846853677028,-0.2630780894617134,0.41698256254738436,-0.47687642153146326,0.4791508718726308,-0.6330553449583017,0.4783927217589083,-0.244882486732373,0.6171341925701289,-0.5511751326762699,0.645185746777862,-0.7460197119029568,0.623199393479909,-0.8999241849886277,0.5921152388172858,-0.22744503411675512,0.510235026535254,-0.6224412433661866,0.4965883244882487,-0.8407884761182715,0.45943896891584535,-1.0,0.4351781652767248,-0.23199393479909022,0.36315390447308565,-0.6186504927975739,0.287338893100834,-0.6034874905231236,0.18953752843062927,-0.5299469294920395,0.1470811220621683,-0.2517058377558757,0.20621683093252463,-0.558756633813495,0.155420773313116,-0.5428354814253222,0.10462471569370735,-0.46398786959818045,0.09552691432903715
H,0.0,0.0,-0.19224641529474243,0.17525225703664365,-0.3770578863515667,0.24322889006903878,-0.5358470525756771,0.23101433882103026,-0.6840148698884758,0.201805629314923,-0.34731810939989377,0.37174721189591076,-0.6346255974508762,0.32076473712161446,-0.8199681359532661,0.2665958576739246,-0.9585767392458843,0.20074349442379183,-0.2873074880509825,0.22517259691980882,-0.6457780138077536,0.1741901221455125,-0.8475836431226765,0.10993096123207648,-1.0,0.061072756240042485,-0.266064790228359,0.0685077004779607,-0.6032926181625067,0.018056293149229952,-0.5544344131704726,-0.012214551248008496,-0.45884227296866703,-0.012745618693574084,-0.2703133297928837,-0.06797663303239511,-0.5310674455655868,-0.10674455655868295,-0.5050451407328731,-0.11364843335103558,-0.419012214551248,-0.09028146574614976
H,0.0,0.0,-0.133234274393264,0.1565131253095592,-0.3219415552253591,0.24170381376919267,-0.4933135215453195,0.26498266468548787,-0.640911342248638,0.2763744427934621,-0.30361565131253093,0.33481921743437343,-0.6111936602278356,0.271421495789995,-0.787518573551263,0.20208023774145617,-0.9197622585438335,0.1347201584943041,-0.24269440316988608,0.21000495294700347,-0.6280336800396236,0.1099554234769688,-0.8489351163942546,0.041604754829123326,-1.0,-0.016840019811788013,-0.20901436354631006,0.05448241703813769,-0.5864289252105003,-0.05151064883605745,-0.516097077761268,-0.05596830113917781,-0.4125804853888063,-0.027241208519068846,-0.1981178801386825,-0.09113422486379395,-0.48291233283803864,-0.16840019811788015,-0.4328875681030213,-0.15354135710747896,-0.345715700842001,-0.10896483407627539
H,0.0,0.0,-0.048163756773028296,0.23359422034918723,-0.2251655629139073,0.3660445514750151,-0.4503311258278146,0.3570138470800722,-0.6128838049367851,0.2980132450331126,-0.23600240818783866,0.4677904876580373,-0.5821794099939795,0.46177001806140877,-0.7652016857314871,0.423841059602649,-0.9121011438892234,0.38711619506321493,-0.25948223961468997,0.31908488862131246,-0.6369656833232992,0.30885009030704397,-0.8452739313666466,0.2865743527995184,-1.0,0.25647200481637566,-0.29741119807344973,0.1625526791089705,-0.5918121613485852,0.1625526791089705,-0.5231788079470199,0.15773630343166767,-0.43226971703792894,0.15773630343166767,-0.3395544852498495,0.03190848886213125,-0.5394340758579169,0.07344972907886815,-0.4786273329319687,0.07465382299819386,-0.39494280553883204,0.09030704394942805
H,0.0,0.0,-0.055739880557398806,0.21366954213669542,-0.2641008626410086,0.33244857332448574,-0.5142667551426675,0.3045786330457863,-0.6874585268745853,0.2641008626410086,-0.2216323822163238,0.49170537491705374,-0.5534173855341739,0.5348374253483743,-0.7305905773059058,0.5109489051094891,-0.8785666887856669,0.48506967485069674,-0.2541473125414731,0.38354346383543464,-0.6343729263437292,0.39814200398142,-0.836098208360982,0.38686131386861317,-1.0,0.3795620437956204,-0.2913072329130723,0.24883875248838752,-0.5587259455872594,0.22229595222295953,-0.4810882548108825,0.192435301924353,-0.3988055739880557,0.18712674187126743,-0.33178500331785005,0.1201061712010617,-0.5096217650962177,0.12076974120769741,-0.4426011944260119,0.0982083609820836,-0.36562707365627073,0.10484406104844061
H,0.0,0.0,-0.04430811179277437,0.21608725289706884,-0.2556237218813906,0.3292433537832311,-0.50920245398773,0.2883435582822086,-0.6939331970006817,0.2392638036809816,-0.2229038854805726,0.48807089297886846,-0.5664621676891616,0.520109066121336,-0.7505112474437627,0.4948875255623722,-0.901840490797546,0.46898432174505794,-0.256305385139741,0.36809815950920244,-0.6394001363326517,0.38445807770961143,-0.8391274710293115,0.3721881390593047,-1.0,0.35855487389229723,-0.2937968643490116,0.22903885480572597,-0.5719154737559645,0.2010906612133606,-0.49079754601226994,0.17450579413769599,-0.4042263122017723,0.17041581458759372,-0.3340149965916837,0.09952283571915474,-0.5194274028629857,0.10497614178595774,-0.45262440354464895,0.08316291751874574,-0.37082481254260397,0.08997955010224949
H,0.0,0.0,-0.043596730245231606,0.20435967302452315,-0.22070844686648503,0.3188010899182561,-0.4114441416893733,0.2970027247956403,-0.55858310626703,0.22888283378746593,-0.26430517711171664,0.29427792915531337,-0.5749318801089919,0.3188010899182561,-0.771117166212534,0.32697547683923706,-0.9264305177111717,0.33242506811989103,-0.2997275204359673,0.13896457765667575,-0.6267029972752044,0.1907356948228883,-0.8528610354223434,0.22070844686648503,-1.0,0.22888283378746593,-0.3133514986376022,-0.021798365122615803,-0.5449591280653951,0.02997275204359673,-0.49591280653950953,0.027247956403269755,-0.4223433242506812,0.02452316076294278,-0.3215258855585831,-0.15258855585831063,-0.49591280653950953,-0.08991825613079019,-0.44141689373297005,-0.0653950953678474,-0.3787465940054496,-0.05449591280653951
H,0.0,0.0,0.0,0.1320754716981132,-0.16442048517520216,0.24528301886792453,-0.431266846361186,0.2641509433962264,-0.6307277628032345,0.23450134770889489,-0.09164420485175202,0.32345013477088946,-0.5283018867924528,0.3423180592991914,-0.7628032345013477,0.32075471698113206,-0.9433962264150944,0.32075471698113206,-0.08355795148247978,0.2695417789757412,-0.5660377358490566,0.2749326145552561,-0.8194070080862533,0.2398921832884097,-1.0,0.22641509433962265,-0.11320754716981132,0.18867924528301888,-0.5148247978436657,0.21293800539083557,-0.7358490566037735,0.2210242587601078,-0.894878706199461,0.22641509433962265,-0.16711590296495957,0.10512129380053908,-0.4474393530997305,0.1320754716981132,-0.5714285714285714,0.15363881401617252,-0.6549865229110512,0.16172506738544473
H,0.0,0.0,-0.07575757575757576,0.19444444444444445,-0.2727272727272727,0.2727272727272727,-0.44191919191919193,0.20959595959595959,-0.5404040404040404,0.11868686868686869,-0.33080808080808083,0.25757575757575757,-0.6237373737373737,0.2601010101010101,-0.7904040404040404,0.25252525252525254,-0.9267676767676768,0.24494949494949494,-0.37373737373737376,0.09090909090909091,-0.6893939393939394,0.10858585858585859,-0.8813131313131313,0.11868686868686869,-1.0,0.11363636363636363,-0.3838383838383838,-0.06565656565656566,-0.5277777777777778,-0.017676767676767676,-0.4444444444444444,0.007575757575757576,-0.36363636363636365,0.020202020202020204,-0.37373737373737376,-0.1919191919191919,-0.4722222222222222,-0.10606060606060606,-0.398989898989899,-0.08585858585858586,-0.33585858585858586,-0.08333333333333333
H,0.0,0.0,-0.07872340425531915,0.1851063829787234,-0.2702127659574468,0.2531914893617021,-0.44042553191489364,0.17659574468085107,-0.5276595744680851,0.07446808510638298,-0.3170212765957447,0.24468085106382978,-0.6212765957446809,0.23829787234042554,-0.7957446808510639,0.22340425531914893,-0.9340425531914893,0.20851063829787234,-0.3617021276595745,0.08936170212765958,-0.6808510638297872,0.09787234042553192,-0.8765957446808511,0.1,-1.0,0.08723404255319149,-0.37446808510638296,-0.059574468085106386,-0.5042553191489362,-0.029787234042553193,-0.42340425531914894,-0.00851063829787234,-0.3468085106382979,0.002127659574468085,-0.3723404255319149,-0.1851063829787234,-0.44042553191489364,-0.12127659574468085,-0.3680851063829787,-0.10425531914893617,-0.31063829787234043,-0.09787234042553192
H,0.0,0.0,-0.07400379506641366,0.2030360531309298,-0.25426944971537,0.286527514231499,-0.42125237191650855,0.2409867172675522,-0.5218216318785579,0.1650853889943074,-0.3206831119544592,0.27893738140417457,-0.6299810246679317,0.2884250474383302,-0.793168880455408,0.27893738140417457,-0.9222011385199241,0.2732447817836812,-0.3738140417457306,0.12144212523719165,-0.6888045540796964,0.1442125237191651,-0.8747628083491461,0.16318785578747627,-1.0,0.17267552182163187,-0.3908918406072106,-0.022770398481973434,-0.5218216318785579,0.028462998102466792,-0.44212523719165087,0.06072106261859583,-0.36242884250474383,0.07210626185958255,-0.3908918406072106,-0.14231499051233396,-0.4478178368121442,-0.06261859582542695,-0.3870967741935484,-0.03795066413662239,-0.3301707779886148,-0.028462998102466792
H,0.0,0.0,0.0,0.18552036199095023,-0.1520361990950226,0.3257918552036199,-0.32036199095022627,0.3583710407239819,-0.42262443438914027,0.3013574660633484,-0.2823529411764706,0.31040723981900453,-0.6027149321266968,0.3176470588235294,-0.7809954751131222,0.31312217194570136,-0.9149321266968325,0.3176470588235294,-0.3167420814479638,0.17466063348416289,-0.6642533936651583,0.19004524886877827,-0.8615384615384616,0.22171945701357465,-1.0,0.24434389140271492,-0.3257918552036199,0.028054298642533938,-0.5104072398190045,0.017194570135746608,-0.4117647058823529,0.02895927601809955,-0.3230769230769231,0.044343891402714934,-0.31402714932126696,-0.10135746606334842,-0.3990950226244344,-0.08144796380090498,-0.31040723981900453,-0.06515837104072399,-0.2407239819004525,-0.05339366515837104
H,0.0,0.0,-0.0019940179461615153,0.17647058823529413,-0.13858424725822532,0.317048853439681,-0.2831505483549352,0.37686939182452645,-0.38085742771684944,0.3339980059820538,-0.29810568295114653,0.2901296111665005,-0.613160518444666,0.27218344965104685,-0.7826520438683948,0.25523429710867396,-0.9142572283150548,0.2452642073778664,-0.31306081754735793,0.16350947158524426,-0.6570289132602194,0.13958125623130607,-0.8554336989032901,0.1365902293120638,-1.0,0.1365902293120638,-0.3020937188434696,0.024925224327018942,-0.4955134596211366,-0.03489531405782652,-0.40079760717846463,-0.03090727816550349,-0.31106679960119643,-0.003988035892323031,-0.2711864406779661,-0.10568295114656032,-0.36689930209371885,-0.13559322033898305,-0.2851445663010967,-0.11964107676969092,-0.21036889332003988,-0.09272183449651047
H,0.0,0.0,0.0,0.143,-0.159,0.266,-0.36,0.281,-0.511,0.227,-0.233,0.269,-0.565,0.293,-0.757,0.311,-0.905,0.333,-0.248,0.131,-0.626,0.141,-0.845,0.174,-1.0,0.198,-0.247,-0.016,-0.506,-0.059,-0.406,-0.059,-0.31,-0.036,-0.231,-0.151,-0.385,-0.175,-0.292,-0.161,-0.209,-0.139
H,0.0,0.0,-0.014414414414414415,0.1864864864864865,-0.14774774774774774,0.32522522522522523,-0.2873873873873874,0.35315315315315315,-0.37747747747747745,0.3027027027027027,-0.309009009009009,0.3054054054054054,-0.6216216216216216,0.2927927927927928,-0.8027027027027027,0.27837837837837837,-0.9333333333333333,0.2828828828828829,-0.33153153153153153,0.17297297297297298,-0.6711711711711712,0.17657657657657658,-0.8702702702702703,0.1981981981981982,-1.0,0.21081081081081082,-0.3333333333333333,0.023423423423423424,-0.518918918918919,0.009009009009009009,-0.409009009009009,0.0036036036036036037,-0.3144144144144144,0.021621621621621623,-0.31351351351351353,-0.11081081081081082,-0.41081081081081083,-0.1,-0.3117117117117117,-0.08738738738738738,-0.23783783783783785,-0.06846846846846846
H,0.0,0.0,0.0,0.17025440313111545,-0.15655577299412915,0.29158512720156554,-0.3150684931506849,0.2808219178082192,-0.41682974559686886,0.2054794520547945,-0.29549902152641877,0.2788649706457926,-0.6164383561643836,0.273972602739726,-0.8043052837573386,0.2671232876712329,-0.9452054794520548,0.27495107632093935,-0.31604696673189825,0.1350293542074364,-0.6722113502935421,0.14774951076320939,-0.8688845401174168,0.175146771037182,-1.0,0.19569471624266144,-0.31409001956947163,-0.016634050880626222,-0.5166340508806262,-0.0410958904109589,-0.41193737769080235,-0.040117416829745595,-0.3199608610567515,-0.016634050880626222,-0.29060665362035226,-0.15166340508806261,-0.41193737769080235,-0.14774951076320939,-0.3131115459882583,-0.13013698630136986,-0.23483365949119372,-0.11154598825831702
H,0.0,0.0,-0.19170984455958548,0.16787564766839377,-0.36373056994818653,0.2528497409326425,-0.49948186528497407,0.22694300518134716,-0.6186528497409326,0.21761658031088082,-0.38860103626943004,0.42797927461139895,-0.6404145077720207,0.45595854922279794,-0.7927461139896373,0.46632124352331605,-0.9212435233160622,0.46424870466321244,-0.37927461139896373,0.32020725388601035,-0.6860103626943005,0.35854922279792745,-0.8569948186528498,0.3533678756476684,-1.0,0.36580310880829014,-0.37927461139896373,0.18652849740932642,-0.5927461139896373,0.1305699481865285,-0.47668393782383417,0.0766839378238342,-0.39481865284974094,0.10155440414507771,-0.39689119170984455,0.06424870466321243,-0.5077720207253886,0.0010362694300518134,-0.4082901554404145,-0.02694300518134715,-0.33367875647668394,0.0031088082901554403
H,0.0,0.0,-0.19170984455958548,0.16787564766839377,-0.36373056994818653,0.2528497409326425,-0.49948186528497407,0.22694300518134716,-0.6186528497409326,0.21761658031088082,-0.38860103626943004,0.42797927461139895,-0.6404145077720207,0.45595854922279794,-0.7927461139896373,0.46632124352331605,-0.9212435233160622,0.46424870466321244,-0.37927461139896373,0.32020725388601035,-0.6860103626943005,0.35854922279792745,-0.8569948186528498,0.3533678756476684,-1.0,0.36580310880829014,-0.37927461139896373,0.18652849740932642,-0.5927461139896373,0.1305699481865285,-0.47668393782383417,0.0766839378238342,-0.39481865284974094,0.10155440414507771,-0.39689119170984455,0.06424870466321243,-0.5077720207253886,0.0010362694300518134,-0.4082901554404145,-0.02694300518134715,-0.33367875647668394,0.0031088082901554403
H,0.0,0.0,-0.16152897657213316,0.18865598027127004,-0.3366214549938348,0.2922318125770654,-0.4747225647348952,0.29469790382244143,-0.6029593094944513,0.3082614056720099,-0.36744759556103573,0.4623921085080148,-0.6362515413070283,0.4882860665844636,-0.7940813810110974,0.5030826140567201,-0.9272503082614056,0.5018495684340321,-0.3649815043156597,0.3403205918618989,-0.6818742293464858,0.3908754623921085,-0.8557336621454994,0.39827373612823674,-1.0,0.4081381011097411,-0.374845869297164,0.19482120838471023,-0.593094944512947,0.15289765721331688,-0.4636251541307028,0.10110974106041924,-0.3686806411837238,0.11220715166461159,-0.39827373612823674,0.06041923551171394,-0.5030826140567201,0.02096177558569667,-0.4007398273736128,-0.006165228113440197,-0.3242909987669544,0.014796547472256474
H,0.0,0.0,-0.20083102493074792,0.15650969529085873,-0.3698060941828255,0.23822714681440443,-0.5166204986149584,0.2077562326869806,-0.6412742382271468,0.21329639889196675,-0.3739612188365651,0.4376731301939058,-0.631578947368421,0.48476454293628807,-0.7922437673130194,0.502770083102493,-0.925207756232687,0.5096952908587258,-0.3670360110803324,0.33102493074792244,-0.6745152354570637,0.3864265927977839,-0.8545706371191135,0.39335180055401664,-1.0,0.4182825484764543,-0.3684210526315789,0.19667590027700832,-0.6024930747922438,0.13573407202216067,-0.4986149584487535,0.07202216066481995,-0.4182825484764543,0.09279778393351801,-0.37950138504155123,0.06371191135734072,-0.5152354570637119,0.002770083102493075,-0.42382271468144045,-0.024930747922437674,-0.3462603878116344,0.00554016620498615
H,0.0,0.0,-0.20557029177718833,0.16843501326259946,-0.3793103448275862,0.246684350132626,-0.5238726790450928,0.20557029177718833,-0.6631299734748011,0.19496021220159152,-0.4005305039787798,0.42838196286472147,-0.6657824933687002,0.4376657824933687,-0.8169761273209549,0.4389920424403183,-0.9442970822281167,0.4323607427055703,-0.38461538461538464,0.29973474801061006,-0.6923076923076923,0.33421750663129973,-0.8647214854111406,0.3302387267904509,-1.0,0.3275862068965517,-0.3753315649867374,0.15517241379310345,-0.6074270557029178,0.1206896551724138,-0.5,0.08090185676392574,-0.4177718832891247,0.09416445623342175,-0.383289124668435,0.025198938992042442,-0.506631299734748,0.002652519893899204,-0.42572944297082227,-0.01856763925729443,-0.35013262599469497,0.0
H,0.0,0.0,-0.08366219415943173,0.1957379636937648,-0.2580899763220205,0.31728492501973166,-0.4435674822415154,0.31018153117600633,-0.5619573796369376,0.24546172059984214,-0.324388318863457,0.4191002367797948,-0.6258879242304657,0.39068666140489344,-0.7900552486187845,0.36464088397790057,-0.9234411996842936,0.35043409629044986,-0.345698500394633,0.31018153117600633,-0.6692975532754538,0.27071823204419887,-0.856353591160221,0.23993685872138912,-1.0,0.22099447513812154,-0.35753749013417524,0.1665351223362273,-0.5943172849250198,0.05998421468034728,-0.5067087608524072,0.022888713496448304,-0.4175217048145225,0.036306235201262825,-0.3638516179952644,0.0055248618784530384,-0.5406471981057617,-0.062352012628255724,-0.46882399368587213,-0.08287292817679558,-0.39542225730071034,-0.06629834254143646
H,0.0,0.0,-0.1010016694490818,0.2036727879799666,-0.27462437395659434,0.3063439065108514,-0.4565943238731219,0.3021702838063439,-0.5759599332220368,0.24958263772954925,-0.37145242070116863,0.42070116861435725,-0.6510851419031719,0.36811352253756263,-0.7971619365609349,0.32470784641068445,-0.9173622704507512,0.2988313856427379,-0.4056761268781302,0.32220367278797996,-0.7011686143572621,0.24624373956594323,-0.8706176961602671,0.1986644407345576,-1.0,0.169449081803005,-0.4273789649415693,0.18948247078464106,-0.5893155258764607,0.05425709515859766,-0.5008347245409015,0.020868113522537562,-0.4248747913188648,0.03589315525876461,-0.44240400667779634,0.03923205342237062,-0.5634390651085142,-0.04257095158597663,-0.48414023372287146,-0.06928213689482471,-0.41402337228714525,-0.05509181969949917
H,0.0,0.0,-0.10651408450704225,0.19630281690140844,-0.2904929577464789,0.2878521126760563,-0.4665492957746479,0.26672535211267606,-0.5757042253521126,0.20422535211267606,-0.3890845070422535,0.4022887323943662,-0.6690140845070423,0.35475352112676056,-0.8151408450704225,0.31690140845070425,-0.9322183098591549,0.29401408450704225,-0.4251760563380282,0.2913732394366197,-0.7033450704225352,0.2262323943661972,-0.8732394366197183,0.1875,-1.0,0.1602112676056338,-0.44454225352112675,0.15492957746478872,-0.5889084507042254,0.03169014084507042,-0.5061619718309859,-0.006161971830985915,-0.43045774647887325,-0.0044014084507042256,-0.4533450704225352,0.006161971830985915,-0.5686619718309859,-0.07746478873239436,-0.5105633802816901,-0.11443661971830986,-0.4507042253521127,-0.11883802816901408
H,0.0,0.0,-0.10993843447669305,0.20140721196130168,-0.28671943711521547,0.27440633245382584,-0.46701846965699206,0.24010554089709762,-0.5725593667546174,0.16974494283201408,-0.38698328935795956,0.37467018469656993,-0.6552330694810906,0.3051890941072999,-0.8021108179419525,0.256816182937555,-0.9173262972735268,0.22515391380826738,-0.4309586631486368,0.2647317502198769,-0.7071240105540897,0.1759014951627089,-0.8759894459102903,0.12401055408970976,-1.0,0.08883025505716799,-0.455584872471416,0.12752858399296393,-0.5848724714160071,-0.011433597185576077,-0.484608619173263,-0.04133685136323659,-0.4019349164467898,-0.024626209322779244,-0.46174142480211083,-0.024626209322779244,-0.5549692172383466,-0.12928759894459102,-0.47493403693931396,-0.16094986807387862,-0.4045734388742304,-0.15303430079155672
H,0.0,0.0,-0.10830324909747292,0.2111913357400722,-0.30054151624548736,0.2870036101083033,-0.48014440433212996,0.25,-0.5794223826714802,0.16335740072202165,-0.4223826714801444,0.37274368231046934,-0.6823104693140795,0.2951263537906137,-0.825812274368231,0.24548736462093862,-0.9377256317689531,0.2075812274368231,-0.4711191335740072,0.259927797833935,-0.7319494584837545,0.15974729241877256,-0.8871841155234657,0.10018050541516245,-1.0,0.05595667870036101,-0.49458483754512633,0.11462093862815885,-0.6028880866425993,-0.029783393501805054,-0.5072202166064982,-0.05415162454873646,-0.4359205776173285,-0.03790613718411552,-0.4954873646209386,-0.046028880866425995,-0.5685920577617328,-0.13989169675090252,-0.4855595667870036,-0.1615523465703971,-0.4196750902527076,-0.15072202166064982
H,0.0,0.0,-0.0011723329425556857,0.2790152403282532,-0.21336459554513482,0.44431418522860494,-0.44196951934349354,0.4525205158264947,-0.5967174677608441,0.3950762016412661,-0.18757327080890973,0.3645955451348183,-0.5228604923798359,0.43376318874560377,-0.7116060961313013,0.4501758499413834,-0.8675263774912075,0.4654161781946073,-0.27549824150058616,0.18874560375146543,-0.6283704572098476,0.2825322391559203,-0.8475967174677609,0.3505275498241501,-1.0,0.38335287221570924,-0.3540445486518171,0.0492379835873388,-0.6201641266119577,0.22977725674091443,-0.5556858147713951,0.29308323563892147,-0.46893317702227433,0.29191090269636577,-0.4220398593200469,-0.029308323563892145,-0.5896834701055099,0.16412661195779601,-0.5345838218053928,0.22157092614302462,-0.4642438452520516,0.22039859320046892
H,0.0,0.0,-0.034666666666666665,0.284,-0.216,0.43333333333333335,-0.428,0.42533333333333334,-0.5933333333333334,0.37866666666666665,-0.18666666666666668,0.388,-0.516,0.44,-0.7266666666666667,0.4653333333333333,-0.908,0.476,-0.25066666666666665,0.19866666666666666,-0.6106666666666667,0.2693333333333333,-0.8493333333333334,0.3293333333333333,-1.0,0.352,-0.32,0.037333333333333336,-0.6053333333333333,0.228,-0.564,0.288,-0.48533333333333334,0.3,-0.392,-0.05733333333333333,-0.568,0.13733333333333334,-0.52,0.18666666666666668,-0.4573333333333333,0.19733333333333333
H,0.0,0.0,0.05,0.2926829268292683,-0.15365853658536585,0.47560975609756095,-0.4073170731707317,0.5097560975609756,-0.5817073170731707,0.4695121951219512,-0.18048780487804877,0.44390243902439025,-0.5073170731707317,0.5097560975609756,-0.697560975609756,0.5219512195121951,-0.85,0.5378048780487805,-0.28292682926829266,0.27926829268292686,-0.625609756097561,0.348780487804878,-0.8365853658536585,0.4097560975609756,-1.0,0.44390243902439025,-0.3670731707317073,0.14390243902439023,-0.6097560975609756,0.2926829268292683,-0.551219512195122,0.3439024390243902,-0.4768292682926829,0.3304878048780488,-0.42560975609756097,0.06097560975609756,-0.5817073170731707,0.23780487804878048,-0.5365853658536586,0.2951219512195122,-0.47317073170731705,0.3048780487804878
H,0.0,0.0,0.045,0.29875,-0.155,0.4825,-0.4125,0.52125,-0.58875,0.48125,-0.1775,0.465,-0.51125,0.53375,-0.7025,0.53875,-0.85625,0.54625,-0.2775,0.295,-0.62625,0.36375,-0.8375,0.42,-1.0,0.4475,-0.36125,0.15375,-0.61125,0.30625,-0.5575,0.36,-0.48625,0.34875,-0.41875,0.06875,-0.5825,0.24875,-0.54,0.30875,-0.47875,0.32125
H,0.0,0.0,0.024906600249066,0.28393524283935245,-0.18306351183063513,0.45703611457036114,-0.41594022415940224,0.47447073474470736,-0.5740971357409713,0.4259028642590286,-0.1793275217932752,0.40597758405977585,-0.49688667496886674,0.4794520547945205,-0.6924034869240349,0.48941469489414696,-0.8468244084682441,0.49937733499377335,-0.26899128268991285,0.23163138231631383,-0.6151930261519303,0.3125778331257783,-0.8418430884184309,0.38107098381070986,-1.0,0.41718555417185554,-0.35242839352428396,0.0896637608966376,-0.6114570361145704,0.25529265255292655,-0.5491905354919053,0.32254047322540474,-0.45828144458281445,0.32004981320049813,-0.4259028642590286,0.0062266500622665,-0.5915317559153176,0.19551681195516812,-0.5379825653798257,0.2640099626400996,-0.46450809464508097,0.27895392278953923
H,0.0,0.0,-0.15981012658227847,0.2389240506329114,-0.34177215189873417,0.314873417721519,-0.5015822784810127,0.28164556962025317,-0.6629746835443038,0.23575949367088608,-0.37341772151898733,0.40664556962025317,-0.6408227848101266,0.4177215189873418,-0.8164556962025317,0.43037974683544306,-0.9572784810126582,0.43670886075949367,-0.36550632911392406,0.24050632911392406,-0.6693037974683544,0.31645569620253167,-0.8781645569620253,0.3560126582278481,-1.0,0.3813291139240506,-0.370253164556962,0.060126582278481014,-0.6645569620253164,0.12974683544303797,-0.6962025316455697,0.10917721518987342,-0.6471518987341772,0.09018987341772151,-0.37658227848101267,-0.09651898734177215,-0.5965189873417721,-0.04113924050632911,-0.6613924050632911,-0.00949367088607595,-0.6645569620253164,0.022151898734177215
H,0.0,0.0,-0.1518578352180937,0.23909531502423265,-0.3344103392568659,0.32148626817447495,-0.4991922455573506,0.2827140549273021,-0.6607431340872375,0.23424878836833601,-0.35218093699515346,0.41195476575121165,-0.6332794830371568,0.43618739903069464,-0.8045234248788369,0.4604200323101777,-0.9434571890145396,0.47334410339256866,-0.345718901453958,0.24232633279483037,-0.6672051696284329,0.3295638126009693,-0.875605815831987,0.37479806138933763,-1.0,0.40064620355411956,-0.3570274636510501,0.05815831987075929,-0.678513731825525,0.1421647819063005,-0.7011308562197092,0.1260096930533118,-0.6413570274636511,0.10662358642972536,-0.3667205169628433,-0.10016155088852989,-0.6058158319870759,-0.033925686591276254,-0.6655896607431341,0.0016155088852988692,-0.6575121163166397,0.03877221324717286
H,0.0,0.0,-0.12868217054263567,0.22325581395348837,-0.3178294573643411,0.30697674418604654,-0.49147286821705427,0.2651162790697674,-0.6465116279069767,0.21085271317829457,-0.34418604651162793,0.39069767441860465,-0.6434108527131783,0.4108527131782946,-0.8077519379844961,0.42790697674418604,-0.9426356589147287,0.4387596899224806,-0.34418604651162793,0.22635658914728682,-0.6790697674418604,0.30697674418604654,-0.8806201550387597,0.35348837209302325,-1.0,0.3689922480620155,-0.35968992248062015,0.04961240310077519,-0.689922480620155,0.11162790697674418,-0.6961240310077519,0.10852713178294573,-0.6310077519379845,0.09767441860465116,-0.3689922480620155,-0.10387596899224806,-0.6170542635658914,-0.043410852713178294,-0.6604651162790698,-0.009302325581395349,-0.6449612403100775,0.02635658914728682
H,0.0,0.0,-0.1204644412191582,0.21335268505079827,-0.3047895500725689,0.2931785195936139,-0.47750362844702465,0.25834542815674894,-0.6197387518142236,0.204644412191582,-0.3309143686502177,0.3686502177068215,-0.6153846153846154,0.3889695210449927,-0.7793904208998549,0.4034833091436865,-0.9172714078374455,0.409288824383164,-0.3309143686502177,0.20899854862119013,-0.6574746008708273,0.28592162554426703,-0.8664731494920174,0.3352685050798258,-1.0,0.3454281567489115,-0.3483309143686502,0.040638606676342524,-0.6777939042089985,0.10740203193033382,-0.683599419448476,0.11901306240928883,-0.625544267053701,0.1204644412191582,-0.3599419448476052,-0.10159651669085631,-0.6066763425253991,-0.03773584905660377,-0.6357039187227866,0.0,-0.6110304789550073,0.03773584905660377
H,0.0,0.0,-0.10365853658536585,0.20884146341463414,-0.2972560975609756,0.2972560975609756,-0.4771341463414634,0.26371951219512196,-0.6158536585365854,0.2149390243902439,-0.32164634146341464,0.3567073170731707,-0.6295731707317073,0.375,-0.7987804878048781,0.3948170731707317,-0.9390243902439024,0.4100609756097561,-0.3277439024390244,0.19054878048780488,-0.676829268292683,0.2576219512195122,-0.8826219512195121,0.30640243902439024,-1.0,0.31859756097560976,-0.3475609756097561,0.018292682926829267,-0.6875,0.08536585365853659,-0.6844512195121951,0.11585365853658537,-0.6158536585365854,0.1326219512195122,-0.3597560975609756,-0.125,-0.6219512195121951,-0.04725609756097561,-0.6387195121951219,-0.001524390243902439,-0.5990853658536586,0.041158536585365856
