class,x1,y1,x2,y2,x3,y3,x4,y4,x5,y5,x6,y6,x7,y7,x8,y8,x9,y9,x10,y10,x11,y11,x12,y12,x13,y13,x14,y14,x15,y15,x16,y16,x17,y17,x18,y18,x19,y19,x20,y20,x21,y21
A,0,0,-0.199074074,-0.032407407,-0.361111111,-0.162037037,-0.458333333,-0.300925926,-0.555555556,-0.407407407,-0.231481481,-0.444444444,-0.296296296,-0.657407407,-0.328703704,-0.800925926,-0.342592593,-0.912037037,-0.097222222,-0.481481481,-0.12037037,-0.722222222,-0.138888889,-0.87962963,-0.152777778,-1,0.027777778,-0.467592593,0.023148148,-0.699074074,0.013888889,-0.847222222,0.00462963,-0.967592593,0.143518519,-0.416666667,0.180555556,-0.592592593,0.199074074,-0.712962963,0.208333333,-0.819444444
A,0,0,-0.198198198,-0.04954955,-0.342342342,-0.193693694,-0.423423423,-0.328828829,-0.522522523,-0.423423423,-0.22972973,-0.459459459,-0.292792793,-0.671171171,-0.324324324,-0.797297297,-0.342342342,-0.905405405,-0.108108108,-0.495495495,-0.144144144,-0.72972973,-0.166666667,-0.878378378,-0.175675676,-1,0.013513514,-0.481981982,0,-0.707207207,-0.009009009,-0.846846847,-0.013513514,-0.963963964,0.130630631,-0.436936937,0.153153153,-0.608108108,0.166666667,-0.720720721,0.175675676,-0.81981982
A,0,0,-0.194690265,-0.053097345,-0.336283186,-0.194690265,-0.415929204,-0.336283186,-0.508849558,-0.438053097,-0.230088496,-0.460176991,-0.296460177,-0.663716814,-0.327433628,-0.792035398,-0.349557522,-0.898230088,-0.110619469,-0.495575221,-0.14159292,-0.730088496,-0.163716814,-0.880530973,-0.181415929,-1,0.008849558,-0.486725664,-0.004424779,-0.707964602,-0.013274336,-0.845132743,-0.017699115,-0.955752212,0.119469027,-0.442477876,0.14159292,-0.610619469,0.150442478,-0.725663717,0.159292035,-0.818584071
A,0,0,-0.20361991,-0.058823529,-0.352941176,-0.212669683,-0.43438914,-0.371040724,-0.533936652,-0.470588235,-0.239819005,-0.484162896,-0.298642534,-0.687782805,-0.330316742,-0.814479638,-0.34841629,-0.918552036,-0.117647059,-0.515837104,-0.14479638,-0.751131222,-0.162895928,-0.891402715,-0.176470588,-1,0.004524887,-0.502262443,-0.004524887,-0.7239819,-0.018099548,-0.859728507,-0.022624434,-0.968325792,0.117647059,-0.447963801,0.14479638,-0.619909502,0.158371041,-0.733031674,0.167420814,-0.832579186
A,0,0,-0.202702703,-0.058558559,-0.355855856,-0.216216216,-0.436936937,-0.373873874,-0.536036036,-0.472972973,-0.243243243,-0.481981982,-0.301801802,-0.689189189,-0.333333333,-0.810810811,-0.355855856,-0.918918919,-0.121621622,-0.513513514,-0.148648649,-0.747747748,-0.171171171,-0.891891892,-0.184684685,-1,0,-0.5,-0.009009009,-0.725225225,-0.022522523,-0.864864865,-0.027027027,-0.972972973,0.112612613,-0.45045045,0.13963964,-0.621621622,0.153153153,-0.738738739,0.166666667,-0.837837838
A,0,0,-0.191111111,-0.057777778,-0.342222222,-0.191111111,-0.44,-0.302222222,-0.542222222,-0.368888889,-0.222222222,-0.488888889,-0.284444444,-0.688888889,-0.315555556,-0.813333333,-0.342222222,-0.915555556,-0.102222222,-0.52,-0.128888889,-0.746666667,-0.146666667,-0.888888889,-0.164444444,-1,0.017777778,-0.497777778,0.013333333,-0.711111111,0.004444444,-0.848888889,0,-0.96,0.124444444,-0.435555556,0.155555556,-0.595555556,0.168888889,-0.706666667,0.182222222,-0.804444444
A,0,0,-0.190265487,-0.053097345,-0.345132743,-0.172566372,-0.446902655,-0.278761062,-0.553097345,-0.345132743,-0.221238938,-0.482300885,-0.278761062,-0.685840708,-0.314159292,-0.809734513,-0.340707965,-0.915929204,-0.092920354,-0.513274336,-0.115044248,-0.743362832,-0.132743363,-0.884955752,-0.146017699,-1,0.026548673,-0.491150442,0.030973451,-0.707964602,0.022123894,-0.840707965,0.022123894,-0.955752212,0.137168142,-0.42920354,0.172566372,-0.592920354,0.190265487,-0.703539823,0.203539823,-0.796460177
A,0,0,-0.2,-0.053333333,-0.355555556,-0.186666667,-0.448888889,-0.315555556,-0.542222222,-0.404444444,-0.231111111,-0.488888889,-0.288888889,-0.688888889,-0.324444444,-0.808888889,-0.346666667,-0.911111111,-0.111111111,-0.52,-0.137777778,-0.746666667,-0.155555556,-0.888888889,-0.164444444,-1,0.008888889,-0.506666667,0,-0.72,-0.008888889,-0.848888889,-0.013333333,-0.955555556,0.12,-0.453333333,0.142222222,-0.617777778,0.16,-0.724444444,0.173333333,-0.817777778
A,0,0,-0.199115044,-0.053097345,-0.35840708,-0.181415929,-0.455752212,-0.292035398,-0.566371681,-0.367256637,-0.234513274,-0.495575221,-0.292035398,-0.690265487,-0.327433628,-0.809734513,-0.353982301,-0.911504425,-0.110619469,-0.526548673,-0.14159292,-0.752212389,-0.159292035,-0.889380531,-0.172566372,-1,0.004424779,-0.508849558,-0.004424779,-0.716814159,-0.013274336,-0.845132743,-0.022123894,-0.955752212,0.119469027,-0.451327434,0.150442478,-0.615044248,0.168141593,-0.721238938,0.181415929,-0.818584071
A,0,0,-0.195555556,-0.048888889,-0.36,-0.164444444,-0.475555556,-0.262222222,-0.6,-0.315555556,-0.24,-0.497777778,-0.297777778,-0.693333333,-0.324444444,-0.813333333,-0.346666667,-0.915555556,-0.115555556,-0.528888889,-0.142222222,-0.76,-0.16,-0.897777778,-0.177777778,-1,0,-0.506666667,0.004444444,-0.724444444,-0.004444444,-0.857777778,-0.008888889,-0.96,0.111111111,-0.444444444,0.155555556,-0.6,0.186666667,-0.697777778,0.213333333,-0.777777778
A,0,0,-0.199115044,-0.057522124,-0.353982301,-0.185840708,-0.446902655,-0.309734513,-0.553097345,-0.384955752,-0.234513274,-0.5,-0.283185841,-0.690265487,-0.314159292,-0.814159292,-0.336283186,-0.915929204,-0.110619469,-0.526548673,-0.128318584,-0.756637168,-0.146017699,-0.89380531,-0.163716814,-1,0.008849558,-0.5,0.013274336,-0.716814159,0.004424779,-0.849557522,0,-0.955752212,0.123893805,-0.433628319,0.17699115,-0.588495575,0.212389381,-0.685840708,0.243362832,-0.769911504
A,0,0,-0.185840708,-0.044247788,-0.349557522,-0.14159292,-0.482300885,-0.212389381,-0.619469027,-0.234513274,-0.234513274,-0.495575221,-0.287610619,-0.694690265,-0.318584071,-0.814159292,-0.340707965,-0.915929204,-0.119469027,-0.526548673,-0.137168142,-0.752212389,-0.150442478,-0.889380531,-0.154867257,-1,-0.008849558,-0.508849558,-0.004424779,-0.725663717,-0.008849558,-0.853982301,-0.008849558,-0.960176991,0.101769912,-0.451327434,0.137168142,-0.610619469,0.150442478,-0.721238938,0.159292035,-0.82300885
A,0,0,-0.185840708,-0.044247788,-0.353982301,-0.146017699,-0.491150442,-0.216814159,-0.632743363,-0.230088496,-0.238938053,-0.482300885,-0.305309735,-0.67699115,-0.336283186,-0.800884956,-0.353982301,-0.907079646,-0.123893805,-0.522123894,-0.146017699,-0.752212389,-0.154867257,-0.889380531,-0.159292035,-1,-0.008849558,-0.508849558,-0.013274336,-0.730088496,-0.017699115,-0.862831858,-0.017699115,-0.973451327,0.10619469,-0.455752212,0.137168142,-0.623893805,0.146017699,-0.734513274,0.150442478,-0.840707965
A,0,0,-0.1875,-0.040178571,-0.357142857,-0.133928571,-0.495535714,-0.200892857,-0.638392857,-0.209821429,-0.241071429,-0.486607143,-0.303571429,-0.683035714,-0.334821429,-0.803571429,-0.357142857,-0.910714286,-0.129464286,-0.526785714,-0.151785714,-0.754464286,-0.160714286,-0.888392857,-0.165178571,-1,-0.013392857,-0.508928571,-0.013392857,-0.732142857,-0.017857143,-0.866071429,-0.017857143,-0.977678571,0.102678571,-0.455357143,0.129464286,-0.620535714,0.142857143,-0.732142857,0.147321429,-0.839285714
A,0,0,-0.191964286,-0.040178571,-0.352678571,-0.151785714,-0.464285714,-0.25,-0.589285714,-0.299107143,-0.232142857,-0.482142857,-0.294642857,-0.678571429,-0.330357143,-0.799107143,-0.352678571,-0.90625,-0.116071429,-0.522321429,-0.142857143,-0.75,-0.151785714,-0.888392857,-0.151785714,-1,-0.004464286,-0.504464286,-0.004464286,-0.727678571,-0.008928571,-0.861607143,-0.008928571,-0.973214286,0.107142857,-0.450892857,0.138392857,-0.620535714,0.147321429,-0.732142857,0.15625,-0.839285714
A,0,0,-0.195555556,-0.048888889,-0.346666667,-0.182222222,-0.426666667,-0.315555556,-0.533333333,-0.395555556,-0.231111111,-0.488888889,-0.288888889,-0.688888889,-0.32,-0.813333333,-0.337777778,-0.915555556,-0.115555556,-0.524444444,-0.142222222,-0.755555556,-0.151111111,-0.893333333,-0.151111111,-1,0,-0.506666667,-0.008888889,-0.728888889,-0.013333333,-0.862222222,-0.008888889,-0.968888889,0.115555556,-0.453333333,0.142222222,-0.617777778,0.151111111,-0.728888889,0.16,-0.826666667
A,0,0,-0.202764977,-0.050691244,-0.368663594,-0.184331797,-0.470046083,-0.313364055,-0.576036866,-0.400921659,-0.258064516,-0.502304147,-0.322580645,-0.705069124,-0.350230415,-0.829493088,-0.373271889,-0.930875576,-0.138248848,-0.539170507,-0.170506912,-0.760368664,-0.188940092,-0.894009217,-0.193548387,-1,-0.01843318,-0.525345622,-0.02764977,-0.741935484,-0.032258065,-0.875576037,-0.036866359,-0.99078341,0.096774194,-0.470046083,0.129032258,-0.6359447,0.138248848,-0.746543779,0.147465438,-0.852534562
A,0,0,-0.203703704,-0.055555556,-0.365740741,-0.180555556,-0.462962963,-0.314814815,-0.560185185,-0.425925926,-0.268518519,-0.49537037,-0.333333333,-0.703703704,-0.365740741,-0.824074074,-0.384259259,-0.930555556,-0.148148148,-0.532407407,-0.171296296,-0.763888889,-0.175925926,-0.893518519,-0.171296296,-1,-0.037037037,-0.523148148,-0.041666667,-0.74537037,-0.037037037,-0.87962963,-0.032407407,-0.990740741,0.078703704,-0.472222222,0.111111111,-0.638888889,0.125,-0.75,0.138888889,-0.847222222
A,0,0,-0.200913242,-0.0456621,-0.351598174,-0.182648402,-0.438356164,-0.328767123,-0.534246575,-0.438356164,-0.255707763,-0.493150685,-0.315068493,-0.689497717,-0.337899543,-0.817351598,-0.356164384,-0.922374429,-0.136986301,-0.529680365,-0.164383562,-0.753424658,-0.173515982,-0.890410959,-0.173515982,-1,-0.02283105,-0.520547945,-0.02739726,-0.735159817,-0.02739726,-0.872146119,-0.02283105,-0.98630137,0.091324201,-0.465753425,0.123287671,-0.634703196,0.136986301,-0.744292237,0.150684932,-0.844748858
A,0,0,-0.208333333,-0.050925926,-0.365740741,-0.189814815,-0.458333333,-0.337962963,-0.560185185,-0.444444444,-0.263888889,-0.5,-0.324074074,-0.708333333,-0.351851852,-0.833333333,-0.365740741,-0.939814815,-0.143518519,-0.541666667,-0.166666667,-0.763888889,-0.166666667,-0.893518519,-0.157407407,-0.99537037,-0.027777778,-0.532407407,-0.032407407,-0.75,-0.032407407,-0.884259259,-0.032407407,-1,0.092592593,-0.481481481,0.125,-0.652777778,0.134259259,-0.763888889,0.148148148,-0.865740741
A,0,0,-0.204651163,-0.041860465,-0.36744186,-0.162790698,-0.48372093,-0.269767442,-0.609302326,-0.330232558,-0.260465116,-0.493023256,-0.320930233,-0.702325581,-0.353488372,-0.83255814,-0.36744186,-0.939534884,-0.139534884,-0.530232558,-0.162790698,-0.758139535,-0.16744186,-0.893023256,-0.162790698,-0.995348837,-0.023255814,-0.51627907,-0.027906977,-0.744186047,-0.03255814,-0.88372093,-0.027906977,-1,0.093023256,-0.469767442,0.120930233,-0.641860465,0.130232558,-0.753488372,0.139534884,-0.855813953
A,0,0,-0.195454545,-0.05,-0.340909091,-0.186363636,-0.422727273,-0.322727273,-0.527272727,-0.404545455,-0.227272727,-0.481818182,-0.286363636,-0.677272727,-0.318181818,-0.8,-0.340909091,-0.904545455,-0.113636364,-0.522727273,-0.140909091,-0.75,-0.154545455,-0.890909091,-0.163636364,-1,0,-0.509090909,-0.004545455,-0.731818182,-0.004545455,-0.863636364,-0.004545455,-0.977272727,0.113636364,-0.459090909,0.15,-0.627272727,0.159090909,-0.740909091,0.168181818,-0.840909091
A,0,0,-0.196347032,-0.050228311,-0.347031963,-0.182648402,-0.433789954,-0.310502283,-0.538812785,-0.388127854,-0.232876712,-0.493150685,-0.287671233,-0.694063927,-0.315068493,-0.817351598,-0.333333333,-0.922374429,-0.114155251,-0.529680365,-0.136986301,-0.757990868,-0.146118721,-0.894977169,-0.146118721,-1,0,-0.515981735,-0.00456621,-0.735159817,-0.00456621,-0.867579909,0,-0.97716895,0.114155251,-0.461187215,0.146118721,-0.630136986,0.155251142,-0.739726027,0.168949772,-0.835616438
A,0,0,-0.196347032,-0.050228311,-0.342465753,-0.182648402,-0.424657534,-0.310502283,-0.534246575,-0.388127854,-0.223744292,-0.484018265,-0.283105023,-0.684931507,-0.310502283,-0.812785388,-0.328767123,-0.922374429,-0.109589041,-0.520547945,-0.132420091,-0.753424658,-0.141552511,-0.890410959,-0.141552511,-1,0.00456621,-0.506849315,0,-0.726027397,-0.00456621,-0.863013699,0,-0.97716895,0.118721461,-0.456621005,0.150684932,-0.621004566,0.159817352,-0.730593607,0.173515982,-0.831050228
A,0,0,-0.187214612,-0.03652968,-0.356164384,-0.118721461,-0.497716895,-0.168949772,-0.643835616,-0.173515982,-0.251141553,-0.488584475,-0.310502283,-0.689497717,-0.337899543,-0.812785388,-0.356164384,-0.922374429,-0.132420091,-0.525114155,-0.159817352,-0.753424658,-0.168949772,-0.890410959,-0.168949772,-1,-0.01826484,-0.511415525,-0.01826484,-0.730593607,-0.01826484,-0.863013699,-0.01369863,-0.97260274,0.100456621,-0.456621005,0.136986301,-0.625570776,0.150684932,-0.735159817,0.164383562,-0.835616438
A,0,0,-0.186363636,-0.036363636,-0.359090909,-0.122727273,-0.495454545,-0.172727273,-0.631818182,-0.177272727,-0.236363636,-0.481818182,-0.3,-0.681818182,-0.327272727,-0.804545455,-0.35,-0.909090909,-0.122727273,-0.522727273,-0.136363636,-0.754545455,-0.145454545,-0.890909091,-0.145454545,-1,-0.009090909,-0.513636364,-0.004545455,-0.731818182,-0.004545455,-0.863636364,-0.009090909,-0.977272727,0.104545455,-0.459090909,0.145454545,-0.627272727,0.159090909,-0.736363636,0.163636364,-0.836363636
A,0,0,-0.198156682,-0.032258065,-0.368663594,-0.138248848,-0.488479263,-0.230414747,-0.622119816,-0.271889401,-0.239631336,-0.483870968,-0.30875576,-0.686635945,-0.34562212,-0.811059908,-0.373271889,-0.921658986,-0.119815668,-0.520737327,-0.138248848,-0.751152074,-0.138248848,-0.889400922,-0.129032258,-1,-0.00921659,-0.506912442,-0.00921659,-0.728110599,-0.00921659,-0.866359447,-0.004608295,-0.98156682,0.105990783,-0.456221198,0.133640553,-0.626728111,0.147465438,-0.737327189,0.156682028,-0.843317972
A,0,0,-0.200934579,-0.03271028,-0.378504673,-0.126168224,-0.523364486,-0.191588785,-0.668224299,-0.214953271,-0.257009346,-0.485981308,-0.322429907,-0.686915888,-0.355140187,-0.817757009,-0.378504673,-0.929906542,-0.140186916,-0.528037383,-0.168224299,-0.757009346,-0.172897196,-0.892523364,-0.168224299,-1,-0.028037383,-0.514018692,-0.03271028,-0.742990654,-0.028037383,-0.878504673,-0.023364486,-0.995327103,0.088785047,-0.462616822,0.121495327,-0.640186916,0.135514019,-0.757009346,0.144859813,-0.864485981
A,0,0,-0.197247706,-0.027522936,-0.376146789,-0.114678899,-0.518348624,-0.165137615,-0.660550459,-0.174311927,-0.247706422,-0.472477064,-0.316513761,-0.674311927,-0.344036697,-0.802752294,-0.366972477,-0.912844037,-0.128440367,-0.513761468,-0.142201835,-0.747706422,-0.142201835,-0.889908257,-0.133027523,-1,-0.018348624,-0.5,-0.018348624,-0.724770642,-0.018348624,-0.857798165,-0.018348624,-0.967889908,0.091743119,-0.449541284,0.128440367,-0.619266055,0.137614679,-0.729357798,0.142201835,-0.834862385
A,0,0,-0.187214612,-0.04109589,-0.347031963,-0.141552511,-0.474885845,-0.210045662,-0.616438356,-0.232876712,-0.232876712,-0.488584475,-0.292237443,-0.684931507,-0.324200913,-0.812785388,-0.347031963,-0.917808219,-0.114155251,-0.525114155,-0.132420091,-0.753424658,-0.132420091,-0.890410959,-0.123287671,-1,0,-0.506849315,0,-0.726027397,0,-0.863013699,0.00456621,-0.97716895,0.114155251,-0.447488584,0.146118721,-0.616438356,0.155251142,-0.730593607,0.159817352,-0.835616438
A,0,0,-0.186363636,-0.040909091,-0.35,-0.131818182,-0.486363636,-0.190909091,-0.631818182,-0.2,-0.240909091,-0.490909091,-0.3,-0.686363636,-0.331818182,-0.813636364,-0.354545455,-0.922727273,-0.118181818,-0.527272727,-0.15,-0.754545455,-0.163636364,-0.890909091,-0.168181818,-1,-0.004545455,-0.509090909,-0.004545455,-0.731818182,-0.009090909,-0.868181818,-0.009090909,-0.986363636,0.109090909,-0.45,0.140909091,-0.622727273,0.154545455,-0.740909091,0.159090909,-0.854545455
A,0,0,-0.190909091,-0.045454545,-0.359090909,-0.15,-0.477272727,-0.240909091,-0.604545455,-0.3,-0.236363636,-0.486363636,-0.304545455,-0.686363636,-0.340909091,-0.809090909,-0.359090909,-0.918181818,-0.118181818,-0.527272727,-0.145454545,-0.754545455,-0.159090909,-0.890909091,-0.159090909,-1,-0.004545455,-0.513636364,-0.004545455,-0.731818182,-0.004545455,-0.868181818,0,-0.977272727,0.113636364,-0.459090909,0.140909091,-0.627272727,0.154545455,-0.740909091,0.163636364,-0.85
A,0,0,-0.190045249,-0.040723982,-0.36199095,-0.122171946,-0.497737557,-0.190045249,-0.63800905,-0.21719457,-0.239819005,-0.475113122,-0.307692308,-0.678733032,-0.339366516,-0.805429864,-0.36199095,-0.914027149,-0.122171946,-0.515837104,-0.14479638,-0.751131222,-0.153846154,-0.886877828,-0.153846154,-1,-0.004524887,-0.502262443,-0.004524887,-0.728506787,-0.009049774,-0.864253394,-0.004524887,-0.972850679,0.108597285,-0.452488688,0.140271493,-0.619909502,0.149321267,-0.737556561,0.158371041,-0.841628959
A,0,0,-0.2,-0.048888889,-0.351111111,-0.177777778,-0.44,-0.297777778,-0.542222222,-0.382222222,-0.222222222,-0.466666667,-0.284444444,-0.671111111,-0.315555556,-0.791111111,-0.342222222,-0.897777778,-0.106666667,-0.502222222,-0.137777778,-0.737777778,-0.155555556,-0.884444444,-0.164444444,-1,0.004444444,-0.484444444,0,-0.706666667,0,-0.844444444,-0.004444444,-0.96,0.115555556,-0.435555556,0.146666667,-0.604444444,0.16,-0.72,0.168888889,-0.822222222
A,0,0,-0.196428571,-0.058035714,-0.34375,-0.196428571,-0.424107143,-0.325892857,-0.513392857,-0.428571429,-0.223214286,-0.464285714,-0.28125,-0.669642857,-0.3125,-0.799107143,-0.334821429,-0.90625,-0.102678571,-0.495535714,-0.133928571,-0.736607143,-0.151785714,-0.883928571,-0.160714286,-1,0.008928571,-0.482142857,0,-0.705357143,-0.004464286,-0.848214286,-0.008928571,-0.964285714,0.125,-0.433035714,0.147321429,-0.598214286,0.15625,-0.714285714,0.169642857,-0.816964286
A,0,0,-0.190265487,-0.053097345,-0.345132743,-0.159292035,-0.469026549,-0.234513274,-0.588495575,-0.274336283,-0.212389381,-0.482300885,-0.265486726,-0.685840708,-0.292035398,-0.814159292,-0.314159292,-0.915929204,-0.084070796,-0.513274336,-0.101769912,-0.747787611,-0.119469027,-0.889380531,-0.128318584,-1,0.039823009,-0.491150442,0.044247788,-0.712389381,0.03539823,-0.853982301,0.03539823,-0.96460177,0.154867257,-0.42920354,0.194690265,-0.597345133,0.212389381,-0.712389381,0.225663717,-0.809734513
A,0,0,-0.197368421,-0.039473684,-0.350877193,-0.144736842,-0.460526316,-0.214912281,-0.570175439,-0.245614035,-0.214912281,-0.464912281,-0.26754386,-0.675438596,-0.293859649,-0.802631579,-0.315789474,-0.907894737,-0.087719298,-0.5,-0.109649123,-0.74122807,-0.127192982,-0.885964912,-0.135964912,-1,0.026315789,-0.48245614,0.030701754,-0.706140351,0.026315789,-0.842105263,0.021929825,-0.947368421,0.135964912,-0.429824561,0.166666667,-0.600877193,0.184210526,-0.714912281,0.192982456,-0.811403509
A,0,0,-0.195652174,-0.056521739,-0.352173913,-0.186956522,-0.443478261,-0.291304348,-0.530434783,-0.360869565,-0.22173913,-0.465217391,-0.282608696,-0.673913043,-0.308695652,-0.8,-0.326086957,-0.904347826,-0.104347826,-0.5,-0.130434783,-0.739130435,-0.143478261,-0.886956522,-0.147826087,-1,0.008695652,-0.491304348,0.004347826,-0.708695652,0.004347826,-0.852173913,0,-0.965217391,0.12173913,-0.443478261,0.160869565,-0.604347826,0.173913043,-0.717391304,0.17826087,-0.817391304
A,0,0,-0.186956522,-0.060869565,-0.347826087,-0.165217391,-0.473913043,-0.22173913,-0.586956522,-0.230434783,-0.213043478,-0.469565217,-0.269565217,-0.67826087,-0.295652174,-0.8,-0.313043478,-0.908695652,-0.095652174,-0.504347826,-0.117391304,-0.739130435,-0.130434783,-0.882608696,-0.134782609,-1,0.02173913,-0.491304348,0.017391304,-0.708695652,0.017391304,-0.843478261,0.02173913,-0.956521739,0.130434783,-0.439130435,0.169565217,-0.6,0.186956522,-0.713043478,0.195652174,-0.813043478
A,0,0,-0.183406114,-0.043668122,-0.340611354,-0.170305677,-0.462882096,-0.266375546,-0.572052402,-0.327510917,-0.231441048,-0.458515284,-0.279475983,-0.676855895,-0.292576419,-0.812227074,-0.301310044,-0.92139738,-0.104803493,-0.493449782,-0.113537118,-0.733624454,-0.126637555,-0.886462882,-0.135371179,-1,0.021834061,-0.475982533,0.030567686,-0.689956332,0.026200873,-0.829694323,0.021834061,-0.938864629,0.148471616,-0.423580786,0.187772926,-0.589519651,0.19650655,-0.703056769,0.19650655,-0.799126638
A,0,0,-0.202702703,-0.040540541,-0.369369369,-0.166666667,-0.459459459,-0.288288288,-0.545045045,-0.387387387,-0.22972973,-0.459459459,-0.292792793,-0.675675676,-0.315315315,-0.815315315,-0.328828829,-0.923423423,-0.081081081,-0.509009009,-0.103603604,-0.743243243,-0.117117117,-0.891891892,-0.121621622,-1,0.054054054,-0.495495495,0.094594595,-0.693693694,0.094594595,-0.833333333,0.094594595,-0.936936937,0.166666667,-0.445945946,0.207207207,-0.576576577,0.220720721,-0.657657658,0.225225225,-0.720720721
A,0,0,-0.202702703,-0.040540541,-0.36036036,-0.175675676,-0.436936937,-0.310810811,-0.495495495,-0.418918919,-0.216216216,-0.445945946,-0.301801802,-0.648648649,-0.342342342,-0.774774775,-0.369369369,-0.869369369,-0.072072072,-0.504504505,-0.103603604,-0.747747748,-0.117117117,-0.891891892,-0.121621622,-1,0.063063063,-0.5,0.094594595,-0.720720721,0.094594595,-0.869369369,0.09009009,-0.977477477,0.18018018,-0.459459459,0.207207207,-0.621621622,0.207207207,-0.725225225,0.202702703,-0.801801802
B,0,0,-0.358695652,-0.108695652,-0.641304348,-0.369565217,-0.72826087,-0.684782609,-0.75,-0.934782609,-0.586956522,-0.706521739,-0.630434783,-1,-0.576086957,-0.782608696,-0.543478261,-0.586956522,-0.369565217,-0.75,-0.380434783,-0.956521739,-0.336956522,-0.684782609,-0.326086957,-0.52173913,-0.163043478,-0.77173913,-0.173913043,-0.934782609,-0.141304348,-0.684782609,-0.141304348,-0.510869565,0.043478261,-0.760869565,0.02173913,-0.923913043,0.02173913,-0.75,0.02173913,-0.608695652
B,0,0,-0.336956522,-0.108695652,-0.597826087,-0.391304348,-0.706521739,-0.684782609,-0.77173913,-0.913043478,-0.543478261,-0.695652174,-0.630434783,-1,-0.608695652,-0.793478261,-0.554347826,-0.608695652,-0.347826087,-0.72826087,-0.423913043,-0.956521739,-0.391304348,-0.695652174,-0.347826087,-0.543478261,-0.141304348,-0.717391304,-0.217391304,-0.913043478,-0.206521739,-0.663043478,-0.163043478,-0.532608696,0.065217391,-0.695652174,-0.02173913,-0.880434783,-0.032608696,-0.695652174,0,-0.586956522
B,0,0,-0.340659341,-0.087912088,-0.615384615,-0.362637363,-0.725274725,-0.659340659,-0.791208791,-0.901098901,-0.571428571,-0.692307692,-0.67032967,-1,-0.626373626,-0.802197802,-0.571428571,-0.626373626,-0.362637363,-0.736263736,-0.417582418,-0.967032967,-0.384615385,-0.692307692,-0.351648352,-0.549450549,-0.153846154,-0.736263736,-0.208791209,-0.923076923,-0.186813187,-0.659340659,-0.153846154,-0.516483516,0.054945055,-0.725274725,0,-0.89010989,-0.010989011,-0.692307692,0.010989011,-0.582417582
B,0,0,-0.336956522,-0.130434783,-0.597826087,-0.402173913,-0.706521739,-0.684782609,-0.75,-0.923913043,-0.532608696,-0.717391304,-0.630434783,-1,-0.597826087,-0.77173913,-0.52173913,-0.608695652,-0.315217391,-0.75,-0.391304348,-0.956521739,-0.358695652,-0.673913043,-0.304347826,-0.543478261,-0.108695652,-0.75,-0.184782609,-0.902173913,-0.163043478,-0.630434783,-0.119565217,-0.510869565,0.108695652,-0.717391304,0.010869565,-0.880434783,0.010869565,-0.684782609,0.043478261,-0.576086957
B,0,0,-0.340659341,-0.098901099,-0.604395604,-0.384615385,-0.703296703,-0.67032967,-0.758241758,-0.912087912,-0.516483516,-0.714285714,-0.615384615,-1,-0.604395604,-0.758241758,-0.549450549,-0.604395604,-0.307692308,-0.736263736,-0.384615385,-0.956043956,-0.373626374,-0.67032967,-0.318681319,-0.549450549,-0.098901099,-0.736263736,-0.164835165,-0.912087912,-0.164835165,-0.626373626,-0.120879121,-0.505494505,0.120879121,-0.703296703,0.032967033,-0.879120879,0.010989011,-0.67032967,0.054945055,-0.549450549
B,0,0,-0.336956522,-0.108695652,-0.597826087,-0.391304348,-0.706521739,-0.684782609,-0.760869565,-0.923913043,-0.543478261,-0.706521739,-0.619565217,-1,-0.586956522,-0.793478261,-0.532608696,-0.608695652,-0.326086957,-0.72826087,-0.391304348,-0.956521739,-0.358695652,-0.684782609,-0.315217391,-0.543478261,-0.119565217,-0.739130435,-0.184782609,-0.891304348,-0.163043478,-0.641304348,-0.119565217,-0.5,0.097826087,-0.706521739,0.010869565,-0.869565217,0.010869565,-0.673913043,0.032608696,-0.565217391
B,0,0,-0.366666667,-0.111111111,-0.633333333,-0.388888889,-0.733333333,-0.677777778,-0.777777778,-0.911111111,-0.555555556,-0.711111111,-0.655555556,-1,-0.633333333,-0.811111111,-0.577777778,-0.633333333,-0.355555556,-0.744444444,-0.422222222,-0.966666667,-0.388888889,-0.711111111,-0.344444444,-0.555555556,-0.144444444,-0.744444444,-0.211111111,-0.933333333,-0.188888889,-0.666666667,-0.155555556,-0.511111111,0.077777778,-0.711111111,-0.011111111,-0.9,-0.022222222,-0.7,0.011111111,-0.555555556
B,0,0,-0.351648352,-0.10989011,-0.615384615,-0.384615385,-0.714285714,-0.67032967,-0.78021978,-0.89010989,-0.538461538,-0.714285714,-0.615384615,-1,-0.582417582,-0.802197802,-0.538461538,-0.637362637,-0.32967033,-0.736263736,-0.384615385,-0.956043956,-0.351648352,-0.692307692,-0.318681319,-0.549450549,-0.120879121,-0.736263736,-0.175824176,-0.912087912,-0.153846154,-0.659340659,-0.131868132,-0.516483516,0.087912088,-0.703296703,0.010989011,-0.879120879,0,-0.692307692,0.021978022,-0.56043956
B,0,0,-0.344444444,-0.077777778,-0.622222222,-0.366666667,-0.722222222,-0.666666667,-0.788888889,-0.9,-0.566666667,-0.688888889,-0.633333333,-1,-0.588888889,-0.8,-0.544444444,-0.611111111,-0.355555556,-0.733333333,-0.388888889,-0.955555556,-0.355555556,-0.677777778,-0.333333333,-0.511111111,-0.144444444,-0.733333333,-0.188888889,-0.911111111,-0.177777778,-0.644444444,-0.155555556,-0.5,0.077777778,-0.7,0.011111111,-0.866666667,0,-0.666666667,0.011111111,-0.544444444
B,0,0,-0.359550562,-0.078651685,-0.617977528,-0.370786517,-0.719101124,-0.674157303,-0.797752809,-0.898876404,-0.573033708,-0.696629213,-0.640449438,-1,-0.584269663,-0.775280899,-0.528089888,-0.595505618,-0.359550562,-0.741573034,-0.393258427,-0.95505618,-0.348314607,-0.662921348,-0.325842697,-0.516853933,-0.146067416,-0.741573034,-0.191011236,-0.91011236,-0.168539326,-0.629213483,-0.146067416,-0.505617978,0.06741573,-0.719101124,0.011235955,-0.887640449,0.011235955,-0.674157303,0.011235955,-0.561797753
B,0,0,-0.352272727,-0.090909091,-0.636363636,-0.375,-0.75,-0.670454545,-0.795454545,-0.920454545,-0.568181818,-0.704545455,-0.659090909,-1,-0.625,-0.806818182,-0.568181818,-0.636363636,-0.352272727,-0.738636364,-0.420454545,-0.954545455,-0.375,-0.670454545,-0.340909091,-0.522727273,-0.136363636,-0.738636364,-0.204545455,-0.909090909,-0.181818182,-0.636363636,-0.147727273,-0.5,0.079545455,-0.715909091,0,-0.875,-0.011363636,-0.681818182,0.011363636,-0.556818182
B,0,0,-0.340909091,-0.079545455,-0.625,-0.375,-0.738636364,-0.681818182,-0.784090909,-0.920454545,-0.556818182,-0.704545455,-0.647727273,-1,-0.602272727,-0.795454545,-0.556818182,-0.636363636,-0.340909091,-0.738636364,-0.397727273,-0.954545455,-0.352272727,-0.670454545,-0.318181818,-0.522727273,-0.125,-0.75,-0.181818182,-0.909090909,-0.159090909,-0.636363636,-0.125,-0.511363636,0.090909091,-0.715909091,0.011363636,-0.875,0.011363636,-0.670454545,0.034090909,-0.556818182
B,0,0,-0.337078652,-0.078651685,-0.595505618,-0.359550562,-0.707865169,-0.651685393,-0.786516854,-0.887640449,-0.550561798,-0.707865169,-0.629213483,-1,-0.595505618,-0.808988764,-0.550561798,-0.651685393,-0.337078652,-0.741573034,-0.393258427,-0.95505618,-0.348314607,-0.662921348,-0.314606742,-0.539325843,-0.123595506,-0.741573034,-0.179775281,-0.876404494,-0.157303371,-0.606741573,-0.123595506,-0.505617978,0.101123596,-0.719101124,0.02247191,-0.853932584,0.011235955,-0.651685393,0.033707865,-0.573033708
B,0,0,-0.344444444,-0.1,-0.611111111,-0.388888889,-0.711111111,-0.677777778,-0.777777778,-0.9,-0.533333333,-0.711111111,-0.611111111,-1,-0.588888889,-0.788888889,-0.533333333,-0.611111111,-0.322222222,-0.733333333,-0.377777778,-0.955555556,-0.355555556,-0.688888889,-0.322222222,-0.555555556,-0.111111111,-0.733333333,-0.177777778,-0.9,-0.155555556,-0.633333333,-0.122222222,-0.522222222,0.1,-0.7,0.022222222,-0.866666667,0.011111111,-0.666666667,0.033333333,-0.555555556
B,0,0,-0.344444444,-0.1,-0.6,-0.388888889,-0.711111111,-0.677777778,-0.777777778,-0.9,-0.533333333,-0.711111111,-0.622222222,-1,-0.588888889,-0.777777778,-0.533333333,-0.611111111,-0.333333333,-0.733333333,-0.388888889,-0.955555556,-0.355555556,-0.688888889,-0.322222222,-0.555555556,-0.122222222,-0.733333333,-0.177777778,-0.888888889,-0.155555556,-0.633333333,-0.122222222,-0.522222222,0.088888889,-0.7,0.022222222,-0.866666667,0.011111111,-0.677777778,0.033333333,-0.566666667
B,0,0,-0.355555556,-0.088888889,-0.611111111,-0.388888889,-0.7,-0.677777778,-0.777777778,-0.9,-0.544444444,-0.711111111,-0.622222222,-1,-0.588888889,-0.777777778,-0.544444444,-0.6,-0.333333333,-0.744444444,-0.388888889,-0.966666667,-0.366666667,-0.677777778,-0.333333333,-0.522222222,-0.133333333,-0.733333333,-0.188888889,-0.911111111,-0.166666667,-0.644444444,-0.144444444,-0.5,0.088888889,-0.711111111,0.011111111,-0.877777778,0,-0.677777778,0.011111111,-0.544444444
B,0,0,-0.355555556,-0.088888889,-0.611111111,-0.377777778,-0.711111111,-0.677777778,-0.777777778,-0.9,-0.544444444,-0.711111111,-0.622222222,-1,-0.6,-0.777777778,-0.544444444,-0.6,-0.333333333,-0.733333333,-0.388888889,-0.966666667,-0.377777778,-0.688888889,-0.344444444,-0.533333333,-0.122222222,-0.733333333,-0.188888889,-0.911111111,-0.166666667,-0.633333333,-0.133333333,-0.488888889,0.088888889,-0.7,0.011111111,-0.877777778,0,-0.666666667,0.022222222,-0.544444444
B,0,0,-0.366666667,-0.077777778,-0.644444444,-0.366666667,-0.755555556,-0.666666667,-0.844444444,-0.9,-0.588888889,-0.7,-0.666666667,-1,-0.644444444,-0.8,-0.588888889,-0.633333333,-0.377777778,-0.744444444,-0.455555556,-0.966666667,-0.4,-0.688888889,-0.355555556,-0.533333333,-0.166666667,-0.755555556,-0.255555556,-0.922222222,-0.211111111,-0.655555556,-0.166666667,-0.522222222,0.044444444,-0.744444444,-0.044444444,-0.9,-0.044444444,-0.7,-0.011111111,-0.588888889
B,0,0,-0.362637363,-0.076923077,-0.648351648,-0.373626374,-0.769230769,-0.67032967,-0.846153846,-0.901098901,-0.593406593,-0.703296703,-0.681318681,-1,-0.637362637,-0.78021978,-0.582417582,-0.615384615,-0.373626374,-0.747252747,-0.450549451,-0.967032967,-0.406593407,-0.692307692,-0.362637363,-0.549450549,-0.164835165,-0.758241758,-0.252747253,-0.923076923,-0.208791209,-0.659340659,-0.164835165,-0.538461538,0.054945055,-0.747252747,-0.054945055,-0.89010989,-0.043956044,-0.703296703,-0.010989011,-0.593406593
B,0,0,-0.336956522,-0.076086957,-0.608695652,-0.369565217,-0.72826087,-0.684782609,-0.793478261,-0.923913043,-0.576086957,-0.706521739,-0.652173913,-1,-0.586956522,-0.739130435,-0.532608696,-0.586956522,-0.369565217,-0.75,-0.413043478,-0.97826087,-0.358695652,-0.663043478,-0.326086957,-0.543478261,-0.163043478,-0.760869565,-0.206521739,-0.923913043,-0.163043478,-0.630434783,-0.152173913,-0.532608696,0.054347826,-0.75,-0.010869565,-0.902173913,0,-0.684782609,0.010869565,-0.586956522
B,0,0,-0.322580645,-0.11827957,-0.569892473,-0.376344086,-0.666666667,-0.655913978,-0.720430108,-0.892473118,-0.516129032,-0.709677419,-0.591397849,-1,-0.569892473,-0.795698925,-0.537634409,-0.612903226,-0.322580645,-0.741935484,-0.35483871,-0.946236559,-0.322580645,-0.655913978,-0.301075269,-0.494623656,-0.129032258,-0.752688172,-0.172043011,-0.913978495,-0.150537634,-0.64516129,-0.11827957,-0.483870968,0.064516129,-0.731182796,0.010752688,-0.892473118,0.010752688,-0.688172043,0.021505376,-0.559139785
B,0,0,-0.322222222,-0.1,-0.588888889,-0.366666667,-0.688888889,-0.666666667,-0.744444444,-0.9,-0.544444444,-0.722222222,-0.611111111,-1,-0.577777778,-0.777777778,-0.533333333,-0.622222222,-0.344444444,-0.766666667,-0.366666667,-0.966666667,-0.344444444,-0.677777778,-0.322222222,-0.544444444,-0.144444444,-0.777777778,-0.166666667,-0.922222222,-0.144444444,-0.644444444,-0.122222222,-0.522222222,0.066666667,-0.744444444,0.022222222,-0.888888889,0.022222222,-0.677777778,0.022222222,-0.566666667
B,0,0,-0.359550562,-0.101123596,-0.617977528,-0.370786517,-0.696629213,-0.674157303,-0.730337079,-0.91011236,-0.584269663,-0.707865169,-0.651685393,-1,-0.606741573,-0.775280899,-0.573033708,-0.606741573,-0.382022472,-0.752808989,-0.415730337,-0.95505618,-0.382022472,-0.674157303,-0.359550562,-0.516853933,-0.179775281,-0.764044944,-0.213483146,-0.943820225,-0.202247191,-0.662921348,-0.179775281,-0.505617978,0.02247191,-0.764044944,-0.02247191,-0.93258427,-0.033707865,-0.730337079,-0.02247191,-0.595505618
B,0,0,-0.352272727,-0.090909091,-0.625,-0.352272727,-0.727272727,-0.670454545,-0.75,-0.920454545,-0.636363636,-0.704545455,-0.704545455,-1,-0.659090909,-0.818181818,-0.602272727,-0.636363636,-0.431818182,-0.761363636,-0.443181818,-0.965909091,-0.386363636,-0.704545455,-0.352272727,-0.534090909,-0.227272727,-0.795454545,-0.238636364,-0.943181818,-0.193181818,-0.693181818,-0.159090909,-0.522727273,-0.022727273,-0.784090909,-0.056818182,-0.943181818,-0.045454545,-0.738636364,-0.011363636,-0.602272727
B,0,0,-0.333333333,-0.129032258,-0.569892473,-0.408602151,-0.655913978,-0.709677419,-0.677419355,-0.956989247,-0.516129032,-0.731182796,-0.602150538,-1,-0.580645161,-0.784946237,-0.516129032,-0.623655914,-0.322580645,-0.774193548,-0.376344086,-0.967741935,-0.333333333,-0.709677419,-0.290322581,-0.548387097,-0.11827957,-0.784946237,-0.182795699,-0.935483871,-0.161290323,-0.688172043,-0.129032258,-0.548387097,0.075268817,-0.774193548,-0.010752688,-0.88172043,-0.021505376,-0.698924731,0.021505376,-0.591397849
B,0,0,-0.333333333,-0.107526882,-0.580645161,-0.376344086,-0.688172043,-0.688172043,-0.741935484,-0.935483871,-0.559139785,-0.731182796,-0.623655914,-1,-0.569892473,-0.784946237,-0.516129032,-0.612903226,-0.365591398,-0.784946237,-0.408602151,-0.989247312,-0.344086022,-0.709677419,-0.301075269,-0.559139785,-0.161290323,-0.795698925,-0.215053763,-0.956989247,-0.172043011,-0.688172043,-0.139784946,-0.537634409,0.032258065,-0.774193548,-0.032258065,-0.892473118,-0.032258065,-0.698924731,0,-0.569892473
B,0,0,-0.358695652,-0.130434783,-0.608695652,-0.413043478,-0.706521739,-0.706521739,-0.782608696,-0.956521739,-0.489130435,-0.760869565,-0.608695652,-1,-0.608695652,-0.880434783,-0.565217391,-0.77173913,-0.282608696,-0.815217391,-0.391304348,-0.97826087,-0.380434783,-0.75,-0.326086957,-0.586956522,-0.086956522,-0.826086957,-0.206521739,-0.967391304,-0.206521739,-0.72826087,-0.163043478,-0.576086957,0.108695652,-0.804347826,-0.032608696,-0.913043478,-0.054347826,-0.72826087,-0.02173913,-0.608695652
C,0,0,-0.28,0.046666667,-0.58,-0.013333333,-0.806666667,-0.033333333,-1,-0.053333333,-0.446666667,-0.5,-0.613333333,-0.726666667,-0.773333333,-0.826666667,-0.933333333,-0.846666667,-0.34,-0.553333333,-0.513333333,-0.833333333,-0.706666667,-0.906666667,-0.88,-0.893333333,-0.246666667,-0.56,-0.406666667,-0.826666667,-0.606666667,-0.906666667,-0.78,-0.906666667,-0.16,-0.526666667,-0.32,-0.733333333,-0.48,-0.82,-0.62,-0.846666667
C,0,0,-0.276315789,0.026315789,-0.572368421,-0.059210526,-0.796052632,-0.072368421,-1,-0.085526316,-0.467105263,-0.526315789,-0.611842105,-0.769736842,-0.756578947,-0.861842105,-0.914473684,-0.881578947,-0.375,-0.572368421,-0.526315789,-0.842105263,-0.703947368,-0.921052632,-0.868421053,-0.921052632,-0.282894737,-0.592105263,-0.434210526,-0.848684211,-0.618421053,-0.934210526,-0.789473684,-0.940789474,-0.197368421,-0.572368421,-0.335526316,-0.776315789,-0.480263158,-0.868421053,-0.625,-0.907894737
C,0,0,-0.272108844,0.040816327,-0.578231293,-0.034013605,-0.80952381,-0.040816327,-1,-0.034013605,-0.517006803,-0.544217687,-0.666666667,-0.802721088,-0.829931973,-0.87755102,-0.993197279,-0.863945578,-0.428571429,-0.591836735,-0.578231293,-0.87755102,-0.775510204,-0.93877551,-0.945578231,-0.897959184,-0.340136054,-0.605442177,-0.496598639,-0.87755102,-0.700680272,-0.925170068,-0.870748299,-0.891156463,-0.258503401,-0.578231293,-0.421768707,-0.789115646,-0.578231293,-0.863945578,-0.721088435,-0.87755102
C,0,0,-0.253424658,0.061643836,-0.575342466,-0.01369863,-0.808219178,-0.020547945,-1,-0.02739726,-0.52739726,-0.547945205,-0.678082192,-0.787671233,-0.835616438,-0.849315068,-0.97260274,-0.828767123,-0.452054795,-0.616438356,-0.609589041,-0.876712329,-0.794520548,-0.910958904,-0.945205479,-0.856164384,-0.383561644,-0.650684932,-0.554794521,-0.904109589,-0.760273973,-0.924657534,-0.924657534,-0.883561644,-0.321917808,-0.657534247,-0.51369863,-0.842465753,-0.684931507,-0.890410959,-0.828767123,-0.883561644
C,0,0,-0.265306122,0.034013605,-0.571428571,-0.040816327,-0.80952381,-0.068027211,-1,-0.06122449,-0.489795918,-0.585034014,-0.659863946,-0.816326531,-0.816326531,-0.870748299,-0.952380952,-0.857142857,-0.394557823,-0.632653061,-0.557823129,-0.904761905,-0.734693878,-0.931972789,-0.87755102,-0.891156463,-0.31292517,-0.653061224,-0.476190476,-0.904761905,-0.666666667,-0.945578231,-0.823129252,-0.911564626,-0.238095238,-0.646258503,-0.414965986,-0.843537415,-0.578231293,-0.897959184,-0.721088435,-0.891156463
C,0,0,-0.263888889,0.027777778,-0.569444444,-0.069444444,-0.798611111,-0.090277778,-0.986111111,-0.097222222,-0.493055556,-0.604166667,-0.618055556,-0.861111111,-0.777777778,-0.930555556,-0.916666667,-0.916666667,-0.409722222,-0.652777778,-0.548611111,-0.951388889,-0.743055556,-1,-0.902777778,-0.944444444,-0.326388889,-0.680555556,-0.472222222,-0.965277778,-0.680555556,-1,-0.847222222,-0.951388889,-0.243055556,-0.659722222,-0.402777778,-0.881944444,-0.5625,-0.9375,-0.701388889,-0.930555556
C,0,0,-0.270833333,0.020833333,-0.576388889,-0.069444444,-0.8125,-0.090277778,-1,-0.090277778,-0.513888889,-0.597222222,-0.652777778,-0.854166667,-0.805555556,-0.923611111,-0.951388889,-0.909722222,-0.430555556,-0.652777778,-0.569444444,-0.951388889,-0.763888889,-0.993055556,-0.916666667,-0.9375,-0.347222222,-0.673611111,-0.5,-0.965277778,-0.701388889,-0.993055556,-0.868055556,-0.951388889,-0.270833333,-0.673611111,-0.430555556,-0.888888889,-0.590277778,-0.944444444,-0.729166667,-0.9375
C,0,0,-0.275167785,0.020134228,-0.583892617,-0.067114094,-0.812080537,-0.100671141,-1,-0.10738255,-0.516778523,-0.577181208,-0.66442953,-0.838926174,-0.818791946,-0.906040268,-0.953020134,-0.89261745,-0.422818792,-0.624161074,-0.563758389,-0.919463087,-0.744966443,-0.959731544,-0.89261745,-0.906040268,-0.322147651,-0.630872483,-0.463087248,-0.906040268,-0.651006711,-0.946308725,-0.791946309,-0.912751678,-0.228187919,-0.610738255,-0.369127517,-0.818791946,-0.510067114,-0.879194631,-0.630872483,-0.879194631
C,0,0,-0.284722222,-0.006944444,-0.569444444,-0.111111111,-0.784722222,-0.131944444,-0.972222222,-0.138888889,-0.506944444,-0.618055556,-0.638888889,-0.868055556,-0.784722222,-0.944444444,-0.930555556,-0.951388889,-0.423611111,-0.659722222,-0.555555556,-0.951388889,-0.736111111,-1,-0.888888889,-0.958333333,-0.326388889,-0.666666667,-0.451388889,-0.958333333,-0.638888889,-0.993055556,-0.798611111,-0.958333333,-0.215277778,-0.631944444,-0.333333333,-0.861111111,-0.479166667,-0.9375,-0.611111111,-0.944444444
C,0,0,-0.27972028,-0.006993007,-0.566433566,-0.111888112,-0.783216783,-0.132867133,-0.972027972,-0.132867133,-0.503496503,-0.615384615,-0.629370629,-0.86013986,-0.776223776,-0.944055944,-0.916083916,-0.951048951,-0.41958042,-0.664335664,-0.552447552,-0.951048951,-0.727272727,-1,-0.888111888,-0.958041958,-0.321678322,-0.678321678,-0.447552448,-0.965034965,-0.636363636,-1,-0.804195804,-0.958041958,-0.223776224,-0.65034965,-0.335664336,-0.874125874,-0.482517483,-0.944055944,-0.622377622,-0.951048951
C,0,0,-0.269503546,0.021276596,-0.567375887,-0.078014184,-0.80141844,-0.09929078,-0.985815603,-0.092198582,-0.524822695,-0.602836879,-0.65248227,-0.858156028,-0.80141844,-0.929078014,-0.943262411,-0.921985816,-0.446808511,-0.659574468,-0.574468085,-0.95035461,-0.758865248,-0.992907801,-0.907801418,-0.943262411,-0.361702128,-0.680851064,-0.503546099,-0.964539007,-0.70212766,-1,-0.865248227,-0.95035461,-0.283687943,-0.680851064,-0.432624113,-0.893617021,-0.595744681,-0.943262411,-0.744680851,-0.936170213
C,0,0,-0.271428571,0.014285714,-0.571428571,-0.085714286,-0.8,-0.107142857,-0.985714286,-0.114285714,-0.514285714,-0.614285714,-0.657142857,-0.871428571,-0.814285714,-0.942857143,-0.957142857,-0.928571429,-0.421428571,-0.664285714,-0.564285714,-0.957142857,-0.75,-1,-0.907142857,-0.942857143,-0.328571429,-0.678571429,-0.464285714,-0.964285714,-0.664285714,-0.992857143,-0.828571429,-0.942857143,-0.214285714,-0.664285714,-0.35,-0.878571429,-0.5,-0.935714286,-0.628571429,-0.935714286
C,0,0,-0.265734266,0.034965035,-0.58041958,-0.048951049,-0.811188811,-0.083916084,-1,-0.090909091,-0.552447552,-0.566433566,-0.699300699,-0.825174825,-0.846153846,-0.902097902,-0.972027972,-0.888111888,-0.468531469,-0.629370629,-0.608391608,-0.909090909,-0.783216783,-0.965034965,-0.93006993,-0.909090909,-0.377622378,-0.657342657,-0.51048951,-0.93006993,-0.692307692,-0.972027972,-0.832167832,-0.916083916,-0.27972028,-0.657342657,-0.405594406,-0.874125874,-0.545454545,-0.93006993,-0.657342657,-0.916083916
C,0,0,-0.271428571,0.021428571,-0.585714286,-0.071428571,-0.814285714,-0.1,-1,-0.114285714,-0.542857143,-0.6,-0.692857143,-0.864285714,-0.842857143,-0.935714286,-0.971428571,-0.921428571,-0.45,-0.657142857,-0.592857143,-0.95,-0.771428571,-0.992857143,-0.921428571,-0.935714286,-0.35,-0.678571429,-0.485714286,-0.957142857,-0.671428571,-0.992857143,-0.828571429,-0.95,-0.242857143,-0.671428571,-0.371428571,-0.878571429,-0.507142857,-0.942857143,-0.628571429,-0.942857143
C,0,0,-0.276595745,0.007092199,-0.581560284,-0.085106383,-0.808510638,-0.113475177,-0.985815603,-0.127659574,-0.531914894,-0.602836879,-0.680851064,-0.865248227,-0.829787234,-0.943262411,-0.964539007,-0.936170213,-0.439716312,-0.65248227,-0.581560284,-0.95035461,-0.758865248,-1,-0.907801418,-0.95035461,-0.340425532,-0.666666667,-0.475177305,-0.95035461,-0.659574468,-0.992907801,-0.808510638,-0.95035461,-0.226950355,-0.65248227,-0.354609929,-0.872340426,-0.489361702,-0.943262411,-0.609929078,-0.943262411
C,0,0,-0.274647887,0.021126761,-0.577464789,-0.077464789,-0.809859155,-0.105633803,-1,-0.11971831,-0.514084507,-0.591549296,-0.654929577,-0.845070423,-0.802816901,-0.922535211,-0.936619718,-0.915492958,-0.429577465,-0.647887324,-0.570422535,-0.936619718,-0.746478873,-0.985915493,-0.901408451,-0.936619718,-0.338028169,-0.669014085,-0.471830986,-0.950704225,-0.669014085,-0.992957746,-0.823943662,-0.950704225,-0.23943662,-0.654929577,-0.366197183,-0.866197183,-0.521126761,-0.929577465,-0.654929577,-0.922535211
C,0,0,-0.275862069,0.020689655,-0.579310345,-0.062068966,-0.813793103,-0.089655172,-1,-0.096551724,-0.517241379,-0.565517241,-0.655172414,-0.820689655,-0.806896552,-0.889655172,-0.937931034,-0.875862069,-0.420689655,-0.613793103,-0.551724138,-0.917241379,-0.744827586,-0.951724138,-0.896551724,-0.882758621,-0.331034483,-0.634482759,-0.455172414,-0.924137931,-0.655172414,-0.944827586,-0.806896552,-0.889655172,-0.234482759,-0.634482759,-0.365517241,-0.84137931,-0.524137931,-0.896551724,-0.655172414,-0.882758621
C,0,0,-0.274647887,0.014084507,-0.577464789,-0.070422535,-0.809859155,-0.105633803,-1,-0.126760563,-0.514084507,-0.577464789,-0.661971831,-0.845070423,-0.816901408,-0.915492958,-0.950704225,-0.908450704,-0.422535211,-0.633802817,-0.563380282,-0.929577465,-0.76056338,-0.978873239,-0.908450704,-0.922535211,-0.323943662,-0.654929577,-0.464788732,-0.936619718,-0.661971831,-0.971830986,-0.816901408,-0.929577465,-0.225352113,-0.64084507,-0.345070423,-0.852112676,-0.492957746,-0.915492958,-0.612676056,-0.908450704
C,0,0,-0.269503546,0.028368794,-0.581560284,-0.063829787,-0.808510638,-0.106382979,-1,-0.120567376,-0.524822695,-0.581560284,-0.666666667,-0.843971631,-0.815602837,-0.914893617,-0.95035461,-0.907801418,-0.432624113,-0.638297872,-0.567375887,-0.929078014,-0.758865248,-0.978723404,-0.907801418,-0.921985816,-0.333333333,-0.659574468,-0.468085106,-0.936170213,-0.666666667,-0.978723404,-0.829787234,-0.929078014,-0.234042553,-0.645390071,-0.354609929,-0.858156028,-0.503546099,-0.921985816,-0.631205674,-0.914893617
C,0,0,-0.265734266,0.027972028,-0.58041958,-0.055944056,-0.811188811,-0.090909091,-1,-0.104895105,-0.524475524,-0.573426573,-0.664335664,-0.818181818,-0.811188811,-0.888111888,-0.937062937,-0.881118881,-0.440559441,-0.629370629,-0.573426573,-0.916083916,-0.762237762,-0.965034965,-0.909090909,-0.909090909,-0.34965035,-0.664335664,-0.482517483,-0.937062937,-0.685314685,-0.965034965,-0.832167832,-0.909090909,-0.258741259,-0.657342657,-0.391608392,-0.86013986,-0.545454545,-0.909090909,-0.671328671,-0.881118881
C,0,0,-0.272727273,0.034965035,-0.587412587,-0.048951049,-0.818181818,-0.083916084,-1,-0.097902098,-0.531468531,-0.566433566,-0.671328671,-0.804195804,-0.818181818,-0.881118881,-0.951048951,-0.874125874,-0.447552448,-0.629370629,-0.587412587,-0.909090909,-0.776223776,-0.958041958,-0.923076923,-0.909090909,-0.356643357,-0.657342657,-0.496503497,-0.93006993,-0.699300699,-0.965034965,-0.86013986,-0.909090909,-0.272727273,-0.657342657,-0.412587413,-0.853146853,-0.573426573,-0.902097902,-0.706293706,-0.888111888
C,0,0,-0.274647887,0.021126761,-0.584507042,-0.077464789,-0.816901408,-0.105633803,-1,-0.112676056,-0.535211268,-0.570422535,-0.676056338,-0.830985915,-0.830985915,-0.901408451,-0.964788732,-0.901408451,-0.443661972,-0.626760563,-0.584507042,-0.922535211,-0.781690141,-0.964788732,-0.929577465,-0.915492958,-0.352112676,-0.647887324,-0.478873239,-0.929577465,-0.683098592,-0.964788732,-0.845070423,-0.922535211,-0.246478873,-0.633802817,-0.352112676,-0.845070423,-0.5,-0.901408451,-0.626760563,-0.894366197
C,0,0,-0.272727273,0.027972028,-0.58041958,-0.062937063,-0.811188811,-0.097902098,-1,-0.104895105,-0.531468531,-0.559440559,-0.671328671,-0.818181818,-0.825174825,-0.895104895,-0.958041958,-0.888111888,-0.440559441,-0.615384615,-0.58041958,-0.909090909,-0.769230769,-0.951048951,-0.923076923,-0.902097902,-0.34965035,-0.636363636,-0.475524476,-0.916083916,-0.678321678,-0.951048951,-0.832167832,-0.909090909,-0.244755245,-0.629370629,-0.356643357,-0.839160839,-0.496503497,-0.888111888,-0.622377622,-0.881118881
C,0,0,-0.267605634,0.021126761,-0.570422535,-0.077464789,-0.802816901,-0.105633803,-1,-0.105633803,-0.514084507,-0.584507042,-0.661971831,-0.830985915,-0.809859155,-0.901408451,-0.936619718,-0.887323944,-0.429577465,-0.633802817,-0.577464789,-0.922535211,-0.76056338,-0.964788732,-0.908450704,-0.908450704,-0.338028169,-0.661971831,-0.478873239,-0.943661972,-0.669014085,-0.971830986,-0.823943662,-0.922535211,-0.232394366,-0.647887324,-0.35915493,-0.85915493,-0.507042254,-0.922535211,-0.64084507,-0.915492958
C,0,0,-0.278571429,0.014285714,-0.578571429,-0.071428571,-0.814285714,-0.092857143,-1,-0.107142857,-0.542857143,-0.585714286,-0.692857143,-0.842857143,-0.842857143,-0.907142857,-0.978571429,-0.907142857,-0.45,-0.635714286,-0.6,-0.921428571,-0.785714286,-0.971428571,-0.942857143,-0.928571429,-0.35,-0.657142857,-0.492857143,-0.928571429,-0.685714286,-0.964285714,-0.85,-0.928571429,-0.242857143,-0.635714286,-0.364285714,-0.85,-0.507142857,-0.914285714,-0.628571429,-0.907142857
C,0,0,-0.267605634,0.021126761,-0.577464789,-0.063380282,-0.809859155,-0.091549296,-1,-0.105633803,-0.528169014,-0.563380282,-0.676056338,-0.830985915,-0.823943662,-0.908450704,-0.964788732,-0.894366197,-0.436619718,-0.612676056,-0.584507042,-0.915492958,-0.767605634,-0.964788732,-0.922535211,-0.908450704,-0.338028169,-0.633802817,-0.478873239,-0.922535211,-0.661971831,-0.964788732,-0.816901408,-0.922535211,-0.225352113,-0.61971831,-0.352112676,-0.830985915,-0.478873239,-0.901408451,-0.598591549,-0.908450704
C,0,0,-0.28057554,0.021582734,-0.582733813,-0.057553957,-0.81294964,-0.086330935,-1,-0.100719424,-0.539568345,-0.582733813,-0.683453237,-0.834532374,-0.834532374,-0.90647482,-0.971223022,-0.899280576,-0.45323741,-0.64028777,-0.604316547,-0.928057554,-0.791366906,-0.971223022,-0.942446043,-0.920863309,-0.35971223,-0.669064748,-0.496402878,-0.942446043,-0.697841727,-0.978417266,-0.856115108,-0.928057554,-0.251798561,-0.669064748,-0.374100719,-0.877697842,-0.517985612,-0.935251799,-0.654676259,-0.928057554
C,0,0,-0.282608696,0.036231884,-0.586956522,-0.050724638,-0.811594203,-0.072463768,-1,-0.094202899,-0.536231884,-0.586956522,-0.68115942,-0.81884058,-0.826086957,-0.891304348,-0.963768116,-0.891304348,-0.456521739,-0.652173913,-0.608695652,-0.913043478,-0.789855072,-0.963768116,-0.942028986,-0.920289855,-0.369565217,-0.68115942,-0.52173913,-0.934782609,-0.717391304,-0.971014493,-0.884057971,-0.934782609,-0.289855072,-0.688405797,-0.442028986,-0.876811594,-0.601449275,-0.920289855,-0.753623188,-0.913043478
C,0,0,-0.276595745,0.04964539,-0.588652482,-0.028368794,-0.815602837,-0.04964539,-1,-0.070921986,-0.539007092,-0.560283688,-0.687943262,-0.787234043,-0.829787234,-0.85106383,-0.971631206,-0.85106383,-0.460992908,-0.631205674,-0.617021277,-0.879432624,-0.794326241,-0.929078014,-0.95035461,-0.893617021,-0.382978723,-0.666666667,-0.539007092,-0.907801418,-0.737588652,-0.943262411,-0.90070922,-0.907801418,-0.312056738,-0.673758865,-0.475177305,-0.85106383,-0.638297872,-0.893617021,-0.780141844,-0.886524823
C,0,0,-0.278571429,0.042857143,-0.585714286,-0.028571429,-0.814285714,-0.05,-1,-0.064285714,-0.528571429,-0.564285714,-0.678571429,-0.792857143,-0.821428571,-0.864285714,-0.964285714,-0.864285714,-0.45,-0.628571429,-0.614285714,-0.892857143,-0.792857143,-0.935714286,-0.942857143,-0.892857143,-0.378571429,-0.671428571,-0.535714286,-0.914285714,-0.728571429,-0.95,-0.9,-0.907142857,-0.307142857,-0.678571429,-0.471428571,-0.857142857,-0.628571429,-0.9,-0.771428571,-0.892857143
C,0,0,-0.260869565,0.028985507,-0.572463768,-0.050724638,-0.804347826,-0.072463768,-0.992753623,-0.086956522,-0.543478261,-0.572463768,-0.702898551,-0.833333333,-0.862318841,-0.898550725,-1,-0.884057971,-0.456521739,-0.630434783,-0.615942029,-0.913043478,-0.811594203,-0.963768116,-0.963768116,-0.913043478,-0.362318841,-0.65942029,-0.507246377,-0.934782609,-0.702898551,-0.971014493,-0.862318841,-0.920289855,-0.253623188,-0.652173913,-0.369565217,-0.862318841,-0.507246377,-0.920289855,-0.637681159,-0.913043478
C,0,0,-0.284671533,0.01459854,-0.583941606,-0.080291971,-0.810218978,-0.109489051,-1,-0.131386861,-0.540145985,-0.591240876,-0.693430657,-0.861313869,-0.846715328,-0.934306569,-0.98540146,-0.927007299,-0.445255474,-0.642335766,-0.605839416,-0.941605839,-0.795620438,-0.99270073,-0.95620438,-0.941605839,-0.343065693,-0.664233577,-0.496350365,-0.948905109,-0.693430657,-1,-0.854014599,-0.95620438,-0.226277372,-0.642335766,-0.350364964,-0.868613139,-0.496350365,-0.941605839,-0.635036496,-0.941605839
C,0,0,-0.275362319,0.014492754,-0.579710145,-0.072463768,-0.804347826,-0.108695652,-0.992753623,-0.130434783,-0.528985507,-0.594202899,-0.673913043,-0.855072464,-0.833333333,-0.934782609,-0.971014493,-0.927536232,-0.442028986,-0.644927536,-0.594202899,-0.942028986,-0.782608696,-0.992753623,-0.934782609,-0.934782609,-0.34057971,-0.666666667,-0.485507246,-0.956521739,-0.68115942,-1,-0.84057971,-0.949275362,-0.224637681,-0.652173913,-0.347826087,-0.876811594,-0.492753623,-0.942028986,-0.623188406,-0.942028986
C,0,0,-0.270833333,0.020833333,-0.576388889,-0.069444444,-0.805555556,-0.097222222,-1,-0.104166667,-0.534722222,-0.555555556,-0.666666667,-0.833333333,-0.8125,-0.895833333,-0.951388889,-0.875,-0.444444444,-0.611111111,-0.576388889,-0.909722222,-0.763888889,-0.958333333,-0.923611111,-0.902777778,-0.340277778,-0.625,-0.479166667,-0.916666667,-0.673611111,-0.951388889,-0.833333333,-0.902777778,-0.236111111,-0.611111111,-0.368055556,-0.826388889,-0.513888889,-0.888888889,-0.645833333,-0.881944444
C,0,0,-0.263888889,0.020833333,-0.576388889,-0.076388889,-0.8125,-0.111111111,-1,-0.111111111,-0.534722222,-0.5625,-0.659722222,-0.833333333,-0.8125,-0.902777778,-0.944444444,-0.895833333,-0.444444444,-0.611111111,-0.576388889,-0.916666667,-0.770833333,-0.965277778,-0.923611111,-0.909722222,-0.340277778,-0.631944444,-0.479166667,-0.923611111,-0.680555556,-0.965277778,-0.840277778,-0.923611111,-0.236111111,-0.611111111,-0.368055556,-0.833333333,-0.520833333,-0.902777778,-0.652777778,-0.895833333
C,0,0,-0.276595745,0.021276596,-0.588652482,-0.063829787,-0.815602837,-0.09929078,-1,-0.113475177,-0.539007092,-0.588652482,-0.687943262,-0.836879433,-0.836879433,-0.914893617,-0.971631206,-0.907801418,-0.453900709,-0.645390071,-0.602836879,-0.936170213,-0.794326241,-0.985815603,-0.943262411,-0.936170213,-0.368794326,-0.673758865,-0.510638298,-0.95035461,-0.709219858,-0.985815603,-0.865248227,-0.936170213,-0.269503546,-0.673758865,-0.397163121,-0.879432624,-0.553191489,-0.936170213,-0.680851064,-0.921985816
C,0,0,-0.278571429,0.021428571,-0.585714286,-0.064285714,-0.814285714,-0.1,-1,-0.121428571,-0.542857143,-0.585714286,-0.685714286,-0.835714286,-0.842857143,-0.914285714,-0.978571429,-0.914285714,-0.457142857,-0.642857143,-0.607142857,-0.935714286,-0.8,-0.985714286,-0.95,-0.935714286,-0.364285714,-0.671428571,-0.507142857,-0.957142857,-0.707142857,-0.992857143,-0.864285714,-0.935714286,-0.271428571,-0.671428571,-0.392857143,-0.885714286,-0.542857143,-0.935714286,-0.678571429,-0.921428571
C,0,0,-0.271428571,0.028571429,-0.585714286,-0.071428571,-0.821428571,-0.1,-1,-0.121428571,-0.542857143,-0.6,-0.692857143,-0.85,-0.842857143,-0.921428571,-0.985714286,-0.907142857,-0.457142857,-0.664285714,-0.614285714,-0.942857143,-0.8,-0.992857143,-0.957142857,-0.935714286,-0.364285714,-0.692857143,-0.514285714,-0.964285714,-0.714285714,-0.992857143,-0.878571429,-0.942857143,-0.278571429,-0.692857143,-0.407142857,-0.9,-0.564285714,-0.942857143,-0.692857143,-0.921428571
C,0,0,-0.281690141,0.014084507,-0.584507042,-0.077464789,-0.816901408,-0.105633803,-1,-0.11971831,-0.535211268,-0.577464789,-0.669014085,-0.823943662,-0.809859155,-0.901408451,-0.943661972,-0.901408451,-0.443661972,-0.633802817,-0.577464789,-0.901408451,-0.753521127,-0.950704225,-0.908450704,-0.915492958,-0.345070423,-0.654929577,-0.478873239,-0.915492958,-0.661971831,-0.957746479,-0.823943662,-0.915492958,-0.23943662,-0.647887324,-0.35915493,-0.852112676,-0.492957746,-0.908450704,-0.61971831,-0.901408451
C,0,0,-0.269503546,0.021276596,-0.581560284,-0.078014184,-0.815602837,-0.106382979,-1,-0.09929078,-0.517730496,-0.574468085,-0.65248227,-0.822695035,-0.794326241,-0.90070922,-0.929078014,-0.90070922,-0.432624113,-0.631205674,-0.567375887,-0.907801418,-0.744680851,-0.964539007,-0.893617021,-0.921985816,-0.333333333,-0.659574468,-0.468085106,-0.921985816,-0.65248227,-0.964539007,-0.815602837,-0.929078014,-0.226950355,-0.65248227,-0.340425532,-0.85106383,-0.482269504,-0.914893617,-0.609929078,-0.914893617
C,0,0,-0.271428571,0.014285714,-0.578571429,-0.078571429,-0.814285714,-0.1,-1,-0.107142857,-0.521428571,-0.578571429,-0.657142857,-0.835714286,-0.8,-0.914285714,-0.935714286,-0.907142857,-0.428571429,-0.635714286,-0.557142857,-0.914285714,-0.735714286,-0.978571429,-0.892857143,-0.928571429,-0.328571429,-0.657142857,-0.45,-0.935714286,-0.642857143,-0.978571429,-0.807142857,-0.935714286,-0.221428571,-0.65,-0.335714286,-0.857142857,-0.471428571,-0.921428571,-0.607142857,-0.914285714
C,0,0,-0.26618705,0.028776978,-0.582733813,-0.064748201,-0.81294964,-0.09352518,-1,-0.115107914,-0.525179856,-0.575539568,-0.676258993,-0.848920863,-0.834532374,-0.920863309,-0.964028777,-0.90647482,-0.431654676,-0.625899281,-0.575539568,-0.928057554,-0.769784173,-0.971223022,-0.913669065,-0.913669065,-0.323741007,-0.647482014,-0.45323741,-0.928057554,-0.654676259,-0.971223022,-0.81294964,-0.928057554,-0.208633094,-0.625899281,-0.330935252,-0.841726619,-0.474820144,-0.90647482,-0.604316547,-0.90647482
C,0,0,-0.262411348,0.021276596,-0.560283688,-0.078014184,-0.794326241,-0.113475177,-1,-0.120567376,-0.503546099,-0.588652482,-0.645390071,-0.836879433,-0.794326241,-0.914893617,-0.929078014,-0.90070922,-0.411347518,-0.638297872,-0.546099291,-0.921985816,-0.730496454,-0.971631206,-0.879432624,-0.907801418,-0.312056738,-0.659574468,-0.439716312,-0.936170213,-0.631205674,-0.964539007,-0.794326241,-0.921985816,-0.19858156,-0.638297872,-0.304964539,-0.858156028,-0.453900709,-0.921985816,-0.581560284,-0.914893617
C,0,0,-0.262411348,0.014184397,-0.560283688,-0.085106383,-0.80141844,-0.127659574,-1,-0.127659574,-0.517730496,-0.588652482,-0.65248227,-0.85106383,-0.80141844,-0.921985816,-0.936170213,-0.907801418,-0.425531915,-0.638297872,-0.553191489,-0.936170213,-0.744680851,-0.978723404,-0.893617021,-0.914893617,-0.319148936,-0.65248227,-0.446808511,-0.936170213,-0.638297872,-0.978723404,-0.80141844,-0.929078014,-0.205673759,-0.631205674,-0.312056738,-0.85106383,-0.453900709,-0.921985816,-0.581560284,-0.914893617
C,0,0,-0.276595745,0.014184397,-0.581560284,-0.092198582,-0.815602837,-0.113475177,-1,-0.127659574,-0.524822695,-0.588652482,-0.659574468,-0.843971631,-0.808510638,-0.921985816,-0.943262411,-0.914893617,-0.432624113,-0.645390071,-0.574468085,-0.929078014,-0.758865248,-0.985815603,-0.914893617,-0.936170213,-0.340425532,-0.673758865,-0.475177305,-0.95035461,-0.673758865,-0.992907801,-0.836879433,-0.943262411,-0.241134752,-0.666666667,-0.354609929,-0.872340426,-0.496453901,-0.936170213,-0.624113475,-0.921985816
C,0,0,-0.276595745,0.014184397,-0.581560284,-0.085106383,-0.808510638,-0.113475177,-1,-0.127659574,-0.517730496,-0.588652482,-0.659574468,-0.843971631,-0.808510638,-0.914893617,-0.95035461,-0.907801418,-0.432624113,-0.645390071,-0.574468085,-0.936170213,-0.765957447,-0.985815603,-0.921985816,-0.936170213,-0.340425532,-0.673758865,-0.475177305,-0.957446809,-0.680851064,-0.992907801,-0.85106383,-0.936170213,-0.24822695,-0.673758865,-0.368794326,-0.879432624,-0.510638298,-0.936170213,-0.645390071,-0.921985816
C,0,0,-0.271428571,0.021428571,-0.585714286,-0.078571429,-0.814285714,-0.107142857,-1,-0.128571429,-0.521428571,-0.6,-0.671428571,-0.85,-0.821428571,-0.914285714,-0.957142857,-0.9,-0.428571429,-0.657142857,-0.571428571,-0.95,-0.757142857,-0.985714286,-0.892857143,-0.928571429,-0.328571429,-0.678571429,-0.464285714,-0.957142857,-0.657142857,-0.978571429,-0.807142857,-0.928571429,-0.221428571,-0.671428571,-0.35,-0.878571429,-0.507142857,-0.928571429,-0.635714286,-0.921428571
C,0,0,-0.273381295,0.014388489,-0.575539568,-0.086330935,-0.805755396,-0.115107914,-1,-0.136690647,-0.532374101,-0.604316547,-0.676258993,-0.856115108,-0.820143885,-0.928057554,-0.956834532,-0.920863309,-0.446043165,-0.654676259,-0.589928058,-0.942446043,-0.762589928,-0.992805755,-0.920863309,-0.942446043,-0.345323741,-0.676258993,-0.474820144,-0.956834532,-0.669064748,-0.992805755,-0.834532374,-0.956834532,-0.237410072,-0.654676259,-0.35971223,-0.870503597,-0.496402878,-0.935251799,-0.64028777,-0.935251799
C,0,0,-0.267605634,0.021126761,-0.577464789,-0.077464789,-0.802816901,-0.112676056,-1,-0.133802817,-0.528169014,-0.584507042,-0.669014085,-0.838028169,-0.809859155,-0.915492958,-0.943661972,-0.908450704,-0.436619718,-0.633802817,-0.577464789,-0.922535211,-0.76056338,-0.978873239,-0.908450704,-0.929577465,-0.338028169,-0.654929577,-0.471830986,-0.936619718,-0.661971831,-0.978873239,-0.823943662,-0.936619718,-0.232394366,-0.64084507,-0.345070423,-0.852112676,-0.485915493,-0.915492958,-0.61971831,-0.908450704
C,0,0,-0.269503546,0.021276596,-0.581560284,-0.078014184,-0.808510638,-0.113475177,-1,-0.134751773,-0.531914894,-0.595744681,-0.673758865,-0.85106383,-0.822695035,-0.921985816,-0.957446809,-0.914893617,-0.439716312,-0.645390071,-0.581560284,-0.936170213,-0.765957447,-0.985815603,-0.914893617,-0.936170213,-0.340425532,-0.659574468,-0.475177305,-0.943262411,-0.666666667,-0.985815603,-0.829787234,-0.936170213,-0.234042553,-0.645390071,-0.354609929,-0.858156028,-0.496453901,-0.921985816,-0.624113475,-0.914893617
C,0,0,-0.27972028,0.006993007,-0.58041958,-0.083916084,-0.811188811,-0.125874126,-1,-0.146853147,-0.531468531,-0.587412587,-0.664335664,-0.846153846,-0.804195804,-0.923076923,-0.944055944,-0.916083916,-0.433566434,-0.643356643,-0.573426573,-0.923076923,-0.755244755,-0.979020979,-0.909090909,-0.937062937,-0.335664336,-0.664335664,-0.461538462,-0.944055944,-0.65034965,-0.979020979,-0.818181818,-0.93006993,-0.223776224,-0.65034965,-0.335664336,-0.867132867,-0.475524476,-0.923076923,-0.601398601,-0.909090909
C,0,0,-0.283687943,0.028368794,-0.595744681,-0.056737589,-0.822695035,-0.085106383,-1,-0.09929078,-0.546099291,-0.581560284,-0.680851064,-0.822695035,-0.822695035,-0.893617021,-0.95035461,-0.886524823,-0.460992908,-0.638297872,-0.609929078,-0.914893617,-0.794326241,-0.964539007,-0.936170213,-0.914893617,-0.368794326,-0.666666667,-0.524822695,-0.936170213,-0.716312057,-0.964539007,-0.872340426,-0.907801418,-0.276595745,-0.659574468,-0.418439716,-0.872340426,-0.567375887,-0.914893617,-0.70212766,-0.893617021
C,0,0,-0.283687943,0.028368794,-0.595744681,-0.056737589,-0.822695035,-0.085106383,-1,-0.09929078,-0.546099291,-0.574468085,-0.687943262,-0.829787234,-0.829787234,-0.893617021,-0.964539007,-0.886524823,-0.453900709,-0.638297872,-0.602836879,-0.921985816,-0.787234043,-0.964539007,-0.936170213,-0.914893617,-0.361702128,-0.666666667,-0.510638298,-0.943262411,-0.709219858,-0.964539007,-0.865248227,-0.907801418,-0.269503546,-0.666666667,-0.404255319,-0.872340426,-0.553191489,-0.921985816,-0.687943262,-0.893617021
C,0,0,-0.269503546,0.014184397,-0.574468085,-0.085106383,-0.80141844,-0.113475177,-1,-0.134751773,-0.517730496,-0.602836879,-0.65248227,-0.858156028,-0.808510638,-0.929078014,-0.943262411,-0.914893617,-0.432624113,-0.659574468,-0.567375887,-0.943262411,-0.758865248,-0.985815603,-0.914893617,-0.936170213,-0.333333333,-0.680851064,-0.468085106,-0.957446809,-0.666666667,-0.985815603,-0.829787234,-0.943262411,-0.226950355,-0.659574468,-0.354609929,-0.872340426,-0.503546099,-0.929078014,-0.631205674,-0.921985816
C,0,0,-0.276595745,0.028368794,-0.581560284,-0.063829787,-0.808510638,-0.092198582,-1,-0.127659574,-0.539007092,-0.581560284,-0.666666667,-0.829787234,-0.815602837,-0.893617021,-0.943262411,-0.893617021,-0.453900709,-0.638297872,-0.588652482,-0.914893617,-0.765957447,-0.964539007,-0.921985816,-0.914893617,-0.361702128,-0.666666667,-0.496453901,-0.936170213,-0.687943262,-0.971631206,-0.85106383,-0.929078014,-0.262411348,-0.659574468,-0.397163121,-0.865248227,-0.546099291,-0.921985816,-0.680851064,-0.914893617
C,0,0,-0.272108844,0.034013605,-0.578231293,-0.054421769,-0.80952381,-0.088435374,-1,-0.095238095,-0.517006803,-0.557823129,-0.659863946,-0.789115646,-0.80952381,-0.857142857,-0.93877551,-0.850340136,-0.43537415,-0.612244898,-0.578231293,-0.870748299,-0.761904762,-0.918367347,-0.904761905,-0.870748299,-0.340136054,-0.632653061,-0.476190476,-0.891156463,-0.666666667,-0.925170068,-0.823129252,-0.884353741,-0.238095238,-0.62585034,-0.360544218,-0.823129252,-0.503401361,-0.87755102,-0.639455782,-0.863945578
C,0,0,-0.285714286,0.021428571,-0.592857143,-0.064285714,-0.814285714,-0.1,-1,-0.121428571,-0.55,-0.578571429,-0.7,-0.835714286,-0.85,-0.907142857,-0.985714286,-0.907142857,-0.457142857,-0.628571429,-0.614285714,-0.914285714,-0.8,-0.971428571,-0.964285714,-0.928571429,-0.364285714,-0.65,-0.514285714,-0.921428571,-0.707142857,-0.971428571,-0.864285714,-0.942857143,-0.257142857,-0.635714286,-0.378571429,-0.842857143,-0.528571429,-0.914285714,-0.664285714,-0.921428571
C,0,0,-0.278571429,0.014285714,-0.585714286,-0.078571429,-0.814285714,-0.114285714,-1,-0.135714286,-0.528571429,-0.585714286,-0.678571429,-0.842857143,-0.828571429,-0.921428571,-0.964285714,-0.921428571,-0.442857143,-0.635714286,-0.585714286,-0.928571429,-0.778571429,-0.985714286,-0.942857143,-0.942857143,-0.342857143,-0.65,-0.485714286,-0.935714286,-0.685714286,-0.985714286,-0.85,-0.957142857,-0.242857143,-0.635714286,-0.357142857,-0.85,-0.507142857,-0.921428571,-0.642857143,-0.928571429
C,0,0,-0.269503546,0.021276596,-0.574468085,-0.085106383,-0.808510638,-0.113475177,-1,-0.113475177,-0.531914894,-0.595744681,-0.666666667,-0.836879433,-0.815602837,-0.90070922,-0.95035461,-0.893617021,-0.446808511,-0.645390071,-0.602836879,-0.921985816,-0.787234043,-0.971631206,-0.936170213,-0.914893617,-0.354609929,-0.666666667,-0.503546099,-0.943262411,-0.70212766,-0.971631206,-0.865248227,-0.921985816,-0.255319149,-0.659574468,-0.382978723,-0.872340426,-0.539007092,-0.929078014,-0.673758865,-0.907801418
C,0,0,-0.271428571,0.021428571,-0.578571429,-0.078571429,-0.807142857,-0.107142857,-1,-0.121428571,-0.542857143,-0.607142857,-0.678571429,-0.842857143,-0.828571429,-0.907142857,-0.964285714,-0.892857143,-0.464285714,-0.664285714,-0.614285714,-0.942857143,-0.807142857,-0.985714286,-0.957142857,-0.921428571,-0.378571429,-0.685714286,-0.528571429,-0.964285714,-0.735714286,-0.985714286,-0.9,-0.928571429,-0.285714286,-0.678571429,-0.428571429,-0.892857143,-0.6,-0.935714286,-0.742857143,-0.921428571
C,0,0,-0.269503546,0.014184397,-0.574468085,-0.085106383,-0.808510638,-0.113475177,-1,-0.127659574,-0.539007092,-0.595744681,-0.680851064,-0.843971631,-0.836879433,-0.90070922,-0.971631206,-0.886524823,-0.453900709,-0.638297872,-0.602836879,-0.936170213,-0.794326241,-0.964539007,-0.943262411,-0.90070922,-0.361702128,-0.659574468,-0.510638298,-0.943262411,-0.716312057,-0.964539007,-0.879432624,-0.907801418,-0.262411348,-0.638297872,-0.397163121,-0.85106383,-0.560283688,-0.907801418,-0.70212766,-0.90070922
C,0,0,-0.271428571,0.014285714,-0.578571429,-0.078571429,-0.807142857,-0.114285714,-1,-0.135714286,-0.542857143,-0.6,-0.692857143,-0.857142857,-0.842857143,-0.921428571,-0.978571429,-0.907142857,-0.457142857,-0.65,-0.614285714,-0.942857143,-0.8,-0.985714286,-0.957142857,-0.921428571,-0.357142857,-0.664285714,-0.507142857,-0.957142857,-0.7,-0.985714286,-0.864285714,-0.935714286,-0.25,-0.65,-0.378571429,-0.864285714,-0.521428571,-0.928571429,-0.657142857,-0.928571429
C,0,0,-0.276595745,0.014184397,-0.581560284,-0.070921986,-0.808510638,-0.106382979,-1,-0.127659574,-0.546099291,-0.595744681,-0.695035461,-0.843971631,-0.843971631,-0.907801418,-0.978723404,-0.90070922,-0.460992908,-0.65248227,-0.617021277,-0.929078014,-0.80141844,-0.978723404,-0.95035461,-0.914893617,-0.368794326,-0.673758865,-0.517730496,-0.95035461,-0.709219858,-0.978723404,-0.872340426,-0.921985816,-0.262411348,-0.659574468,-0.397163121,-0.872340426,-0.546099291,-0.929078014,-0.673758865,-0.914893617
C,0,0,-0.276595745,0.021276596,-0.581560284,-0.070921986,-0.815602837,-0.09929078,-1,-0.120567376,-0.546099291,-0.595744681,-0.695035461,-0.843971631,-0.843971631,-0.907801418,-0.985815603,-0.90070922,-0.460992908,-0.645390071,-0.617021277,-0.929078014,-0.80141844,-0.978723404,-0.95035461,-0.914893617,-0.368794326,-0.673758865,-0.510638298,-0.943262411,-0.709219858,-0.978723404,-0.872340426,-0.921985816,-0.262411348,-0.659574468,-0.397163121,-0.872340426,-0.546099291,-0.929078014,-0.673758865,-0.914893617
C,0,0,-0.288732394,0.021126761,-0.591549296,-0.070422535,-0.809859155,-0.098591549,-1,-0.126760563,-0.542253521,-0.577464789,-0.690140845,-0.823943662,-0.838028169,-0.887323944,-0.971830986,-0.873239437,-0.457746479,-0.626760563,-0.612676056,-0.908450704,-0.802816901,-0.950704225,-0.957746479,-0.887323944,-0.366197183,-0.647887324,-0.514084507,-0.922535211,-0.704225352,-0.957746479,-0.866197183,-0.908450704,-0.267605634,-0.633802817,-0.387323944,-0.852112676,-0.542253521,-0.908450704,-0.676056338,-0.901408451
C,0,0,-0.272727273,0.013986014,-0.587412587,-0.090909091,-0.811188811,-0.118881119,-1,-0.111888112,-0.531468531,-0.58041958,-0.671328671,-0.832167832,-0.818181818,-0.902097902,-0.951048951,-0.895104895,-0.447552448,-0.629370629,-0.58041958,-0.909090909,-0.762237762,-0.951048951,-0.916083916,-0.909090909,-0.34965035,-0.65034965,-0.475524476,-0.916083916,-0.664335664,-0.958041958,-0.825174825,-0.923076923,-0.244755245,-0.643356643,-0.356643357,-0.853146853,-0.503496503,-0.909090909,-0.629370629,-0.902097902
C,0,0,-0.27972028,0.020979021,-0.58041958,-0.076923077,-0.811188811,-0.111888112,-1,-0.104895105,-0.531468531,-0.58041958,-0.671328671,-0.825174825,-0.818181818,-0.895104895,-0.951048951,-0.888111888,-0.447552448,-0.629370629,-0.587412587,-0.909090909,-0.762237762,-0.951048951,-0.909090909,-0.902097902,-0.34965035,-0.65034965,-0.475524476,-0.923076923,-0.664335664,-0.958041958,-0.825174825,-0.909090909,-0.244755245,-0.636363636,-0.34965035,-0.846153846,-0.496503497,-0.909090909,-0.622377622,-0.902097902
C,0,0,-0.265734266,0.020979021,-0.573426573,-0.076923077,-0.804195804,-0.104895105,-1,-0.104895105,-0.531468531,-0.58041958,-0.671328671,-0.825174825,-0.825174825,-0.888111888,-0.958041958,-0.874125874,-0.440559441,-0.636363636,-0.587412587,-0.909090909,-0.776223776,-0.951048951,-0.93006993,-0.888111888,-0.342657343,-0.65034965,-0.475524476,-0.923076923,-0.671328671,-0.951048951,-0.825174825,-0.902097902,-0.237762238,-0.643356643,-0.356643357,-0.846153846,-0.503496503,-0.902097902,-0.636363636,-0.895104895
C,0,0,-0.269503546,0.014184397,-0.581560284,-0.078014184,-0.808510638,-0.106382979,-1,-0.113475177,-0.539007092,-0.588652482,-0.673758865,-0.843971631,-0.829787234,-0.907801418,-0.964539007,-0.893617021,-0.446808511,-0.638297872,-0.595744681,-0.921985816,-0.780141844,-0.964539007,-0.936170213,-0.90070922,-0.34751773,-0.659574468,-0.482269504,-0.929078014,-0.680851064,-0.964539007,-0.836879433,-0.914893617,-0.234042553,-0.645390071,-0.361702128,-0.85106383,-0.503546099,-0.907801418,-0.631205674,-0.90070922
C,0,0,-0.282608696,0.028985507,-0.586956522,-0.057971014,-0.811594203,-0.086956522,-1,-0.115942029,-0.543478261,-0.601449275,-0.673913043,-0.847826087,-0.826086957,-0.913043478,-0.963768116,-0.898550725,-0.456521739,-0.65942029,-0.608695652,-0.942028986,-0.797101449,-0.97826087,-0.956521739,-0.920289855,-0.369565217,-0.68115942,-0.514492754,-0.963768116,-0.724637681,-0.985507246,-0.891304348,-0.927536232,-0.275362319,-0.68115942,-0.420289855,-0.891304348,-0.579710145,-0.934782609,-0.724637681,-0.920289855
C,0,0,-0.277372263,0.02919708,-0.576642336,-0.058394161,-0.810218978,-0.087591241,-1,-0.124087591,-0.547445255,-0.598540146,-0.686131387,-0.854014599,-0.839416058,-0.912408759,-0.97810219,-0.897810219,-0.459854015,-0.656934307,-0.605839416,-0.948905109,-0.795620438,-0.98540146,-0.95620438,-0.919708029,-0.364963504,-0.686131387,-0.503649635,-0.96350365,-0.708029197,-0.99270073,-0.883211679,-0.934306569,-0.262773723,-0.686131387,-0.401459854,-0.890510949,-0.554744526,-0.941605839,-0.693430657,-0.927007299
C,0,0,-0.274647887,0.007042254,-0.570422535,-0.091549296,-0.802816901,-0.112676056,-1,-0.133802817,-0.507042254,-0.584507042,-0.64084507,-0.830985915,-0.795774648,-0.901408451,-0.929577465,-0.887323944,-0.429577465,-0.633802817,-0.577464789,-0.915492958,-0.767605634,-0.957746479,-0.936619718,-0.901408451,-0.330985915,-0.654929577,-0.485915493,-0.936619718,-0.690140845,-0.971830986,-0.866197183,-0.922535211,-0.23943662,-0.633802817,-0.387323944,-0.852112676,-0.542253521,-0.908450704,-0.690140845,-0.908450704
C,0,0,-0.271428571,0.014285714,-0.578571429,-0.071428571,-0.807142857,-0.1,-1,-0.114285714,-0.535714286,-0.585714286,-0.678571429,-0.835714286,-0.835714286,-0.907142857,-0.971428571,-0.9,-0.45,-0.635714286,-0.592857143,-0.921428571,-0.785714286,-0.964285714,-0.942857143,-0.914285714,-0.35,-0.657142857,-0.478571429,-0.935714286,-0.685714286,-0.978571429,-0.857142857,-0.935714286,-0.25,-0.65,-0.364285714,-0.864285714,-0.514285714,-0.935714286,-0.664285714,-0.935714286
C,0,0,-0.274647887,0.021126761,-0.584507042,-0.070422535,-0.816901408,-0.105633803,-1,-0.112676056,-0.535211268,-0.570422535,-0.683098592,-0.816901408,-0.830985915,-0.894366197,-0.971830986,-0.887323944,-0.450704225,-0.626760563,-0.605633803,-0.901408451,-0.788732394,-0.950704225,-0.943661972,-0.901408451,-0.35915493,-0.647887324,-0.5,-0.922535211,-0.690140845,-0.964788732,-0.85915493,-0.922535211,-0.26056338,-0.647887324,-0.373239437,-0.85915493,-0.528169014,-0.922535211,-0.669014085,-0.915492958
C,0,0,-0.271428571,0.028571429,-0.578571429,-0.057142857,-0.807142857,-0.085714286,-1,-0.1,-0.521428571,-0.585714286,-0.671428571,-0.828571429,-0.828571429,-0.892857143,-0.971428571,-0.878571429,-0.442857143,-0.642857143,-0.592857143,-0.935714286,-0.792857143,-0.964285714,-0.942857143,-0.9,-0.357142857,-0.671428571,-0.5,-0.95,-0.707142857,-0.971428571,-0.871428571,-0.914285714,-0.264285714,-0.671428571,-0.4,-0.885714286,-0.571428571,-0.928571429,-0.714285714,-0.907142857
C,0,0,-0.279411765,0.029411765,-0.580882353,-0.051470588,-0.808823529,-0.088235294,-1,-0.110294118,-0.536764706,-0.602941176,-0.683823529,-0.860294118,-0.838235294,-0.911764706,-0.985294118,-0.889705882,-0.455882353,-0.661764706,-0.610294118,-0.955882353,-0.808823529,-0.992647059,-0.970588235,-0.926470588,-0.360294118,-0.691176471,-0.514705882,-0.977941176,-0.727941176,-0.992647059,-0.897058824,-0.933823529,-0.264705882,-0.683823529,-0.397058824,-0.904411765,-0.566176471,-0.948529412,-0.713235294,-0.926470588
C,0,0,-0.269503546,0.014184397,-0.567375887,-0.070921986,-0.80141844,-0.106382979,-1,-0.127659574,-0.524822695,-0.588652482,-0.666666667,-0.836879433,-0.815602837,-0.893617021,-0.957446809,-0.886524823,-0.439716312,-0.638297872,-0.588652482,-0.921985816,-0.773049645,-0.964539007,-0.929078014,-0.907801418,-0.34751773,-0.666666667,-0.482269504,-0.943262411,-0.680851064,-0.971631206,-0.85106383,-0.921985816,-0.241134752,-0.65248227,-0.368794326,-0.872340426,-0.524822695,-0.929078014,-0.673758865,-0.914893617
C,0,0,-0.275362319,0.014492754,-0.565217391,-0.072463768,-0.804347826,-0.101449275,-1,-0.108695652,-0.543478261,-0.594202899,-0.688405797,-0.847826087,-0.84057971,-0.913043478,-0.985507246,-0.891304348,-0.456521739,-0.652173913,-0.615942029,-0.942028986,-0.804347826,-0.97826087,-0.963768116,-0.913043478,-0.362318841,-0.673913043,-0.507246377,-0.963768116,-0.710144928,-0.992753623,-0.876811594,-0.934782609,-0.253623188,-0.666666667,-0.384057971,-0.891304348,-0.536231884,-0.942028986,-0.68115942,-0.927536232
C,0,0,-0.27972028,0.013986014,-0.573426573,-0.062937063,-0.804195804,-0.090909091,-1,-0.104895105,-0.524475524,-0.58041958,-0.657342657,-0.811188811,-0.804195804,-0.874125874,-0.93006993,-0.853146853,-0.440559441,-0.629370629,-0.58041958,-0.888111888,-0.755244755,-0.93006993,-0.902097902,-0.874125874,-0.34965035,-0.657342657,-0.48951049,-0.909090909,-0.678321678,-0.944055944,-0.832167832,-0.895104895,-0.265734266,-0.657342657,-0.391608392,-0.853146853,-0.538461538,-0.909090909,-0.671328671,-0.895104895
C,0,0,-0.269503546,0.028368794,-0.567375887,-0.056737589,-0.80141844,-0.085106383,-1,-0.09929078,-0.517730496,-0.574468085,-0.659574468,-0.815602837,-0.808510638,-0.879432624,-0.943262411,-0.865248227,-0.432624113,-0.631205674,-0.574468085,-0.90070922,-0.75177305,-0.95035461,-0.90070922,-0.90070922,-0.340425532,-0.659574468,-0.475177305,-0.921985816,-0.673758865,-0.957446809,-0.836879433,-0.914893617,-0.24822695,-0.659574468,-0.382978723,-0.858156028,-0.531914894,-0.907801418,-0.666666667,-0.90070922
C,0,0,-0.268115942,0.036231884,-0.579710145,-0.065217391,-0.811594203,-0.094202899,-1,-0.115942029,-0.543478261,-0.579710145,-0.68115942,-0.833333333,-0.833333333,-0.898550725,-0.971014493,-0.876811594,-0.456521739,-0.637681159,-0.601449275,-0.927536232,-0.804347826,-0.963768116,-0.956521739,-0.905797101,-0.362318841,-0.65942029,-0.514492754,-0.942028986,-0.724637681,-0.971014493,-0.884057971,-0.920289855,-0.268115942,-0.65942029,-0.413043478,-0.869565217,-0.579710145,-0.920289855,-0.717391304,-0.905797101
C,0,0,-0.270072993,0.02919708,-0.576642336,-0.065693431,-0.810218978,-0.102189781,-1,-0.116788321,-0.540145985,-0.583941606,-0.686131387,-0.839416058,-0.839416058,-0.905109489,-0.97810219,-0.890510949,-0.452554745,-0.642335766,-0.613138686,-0.934306569,-0.802919708,-0.97810219,-0.96350365,-0.919708029,-0.364963504,-0.671532847,-0.518248175,-0.95620438,-0.722627737,-0.98540146,-0.883211679,-0.927007299,-0.262773723,-0.664233577,-0.401459854,-0.875912409,-0.554744526,-0.927007299,-0.693430657,-0.919708029
C,0,0,-0.276595745,0.035460993,-0.581560284,-0.056737589,-0.808510638,-0.085106383,-1,-0.106382979,-0.546099291,-0.574468085,-0.695035461,-0.815602837,-0.843971631,-0.872340426,-0.971631206,-0.858156028,-0.460992908,-0.631205674,-0.617021277,-0.907801418,-0.80141844,-0.943262411,-0.943262411,-0.879432624,-0.368794326,-0.659574468,-0.517730496,-0.929078014,-0.709219858,-0.95035461,-0.858156028,-0.879432624,-0.269503546,-0.65248227,-0.397163121,-0.865248227,-0.539007092,-0.914893617,-0.645390071,-0.886524823
C,0,0,-0.278571429,0,-0.578571429,-0.1,-0.807142857,-0.128571429,-1,-0.135714286,-0.521428571,-0.585714286,-0.657142857,-0.85,-0.807142857,-0.921428571,-0.935714286,-0.914285714,-0.435714286,-0.635714286,-0.571428571,-0.935714286,-0.757142857,-0.985714286,-0.9,-0.928571429,-0.335714286,-0.65,-0.464285714,-0.942857143,-0.657142857,-0.992857143,-0.814285714,-0.95,-0.221428571,-0.635714286,-0.335714286,-0.85,-0.485714286,-0.921428571,-0.621428571,-0.928571429
C,0,0,-0.278571429,0.007142857,-0.578571429,-0.085714286,-0.807142857,-0.121428571,-1,-0.128571429,-0.528571429,-0.578571429,-0.664285714,-0.85,-0.814285714,-0.921428571,-0.942857143,-0.907142857,-0.435714286,-0.628571429,-0.578571429,-0.935714286,-0.764285714,-0.978571429,-0.914285714,-0.914285714,-0.335714286,-0.65,-0.471428571,-0.942857143,-0.664285714,-0.985714286,-0.814285714,-0.935714286,-0.221428571,-0.628571429,-0.335714286,-0.85,-0.485714286,-0.921428571,-0.621428571,-0.921428571
C,0,0,-0.271428571,0.014285714,-0.571428571,-0.085714286,-0.807142857,-0.121428571,-1,-0.128571429,-0.528571429,-0.6,-0.664285714,-0.857142857,-0.807142857,-0.928571429,-0.95,-0.907142857,-0.435714286,-0.642857143,-0.564285714,-0.935714286,-0.75,-0.985714286,-0.914285714,-0.928571429,-0.328571429,-0.657142857,-0.457142857,-0.942857143,-0.65,-0.985714286,-0.814285714,-0.942857143,-0.214285714,-0.635714286,-0.321428571,-0.857142857,-0.464285714,-0.921428571,-0.592857143,-0.921428571
C,0,0,-0.271428571,0.028571429,-0.571428571,-0.05,-0.807142857,-0.078571429,-1,-0.092857143,-0.521428571,-0.578571429,-0.664285714,-0.828571429,-0.814285714,-0.885714286,-0.95,-0.857142857,-0.435714286,-0.635714286,-0.585714286,-0.921428571,-0.778571429,-0.957142857,-0.921428571,-0.885714286,-0.35,-0.657142857,-0.492857143,-0.935714286,-0.7,-0.957142857,-0.85,-0.892857143,-0.257142857,-0.657142857,-0.4,-0.864285714,-0.55,-0.914285714,-0.678571429,-0.885714286
C,0,0,-0.270072993,0.03649635,-0.583941606,-0.058394161,-0.817518248,-0.087591241,-1,-0.116788321,-0.532846715,-0.583941606,-0.671532847,-0.832116788,-0.832116788,-0.890510949,-0.97080292,-0.875912409,-0.452554745,-0.649635036,-0.598540146,-0.934306569,-0.795620438,-0.97080292,-0.948905109,-0.905109489,-0.372262774,-0.678832117,-0.518248175,-0.96350365,-0.729927007,-0.97810219,-0.890510949,-0.919708029,-0.284671533,-0.678832117,-0.430656934,-0.897810219,-0.598540146,-0.941605839,-0.744525547,-0.919708029
C,0,0,-0.275862069,0.034482759,-0.579310345,-0.055172414,-0.806896552,-0.089655172,-1,-0.117241379,-0.537931034,-0.551724138,-0.675862069,-0.793103448,-0.820689655,-0.862068966,-0.951724138,-0.848275862,-0.448275862,-0.613793103,-0.586206897,-0.882758621,-0.765517241,-0.931034483,-0.910344828,-0.868965517,-0.35862069,-0.64137931,-0.489655172,-0.910344828,-0.682758621,-0.944827586,-0.84137931,-0.896551724,-0.268965517,-0.64137931,-0.4,-0.834482759,-0.551724138,-0.889655172,-0.689655172,-0.882758621
C,0,0,-0.278911565,0.027210884,-0.585034014,-0.06122449,-0.80952381,-0.102040816,-1,-0.12244898,-0.537414966,-0.557823129,-0.673469388,-0.789115646,-0.816326531,-0.857142857,-0.945578231,-0.850340136,-0.448979592,-0.619047619,-0.585034014,-0.884353741,-0.768707483,-0.931972789,-0.918367347,-0.87755102,-0.360544218,-0.653061224,-0.489795918,-0.918367347,-0.680272109,-0.952380952,-0.836734694,-0.897959184,-0.272108844,-0.653061224,-0.401360544,-0.850340136,-0.551020408,-0.897959184,-0.680272109,-0.884353741
C,0,0,-0.280821918,0.020547945,-0.589041096,-0.075342466,-0.808219178,-0.116438356,-1,-0.143835616,-0.534246575,-0.575342466,-0.678082192,-0.815068493,-0.821917808,-0.883561644,-0.952054795,-0.876712329,-0.445205479,-0.630136986,-0.582191781,-0.910958904,-0.767123288,-0.95890411,-0.917808219,-0.897260274,-0.356164384,-0.664383562,-0.48630137,-0.938356164,-0.684931507,-0.965753425,-0.842465753,-0.910958904,-0.273972603,-0.664383562,-0.404109589,-0.863013699,-0.554794521,-0.917808219,-0.691780822,-0.897260274
C,0,0,-0.257352941,0.022058824,-0.551470588,-0.044117647,-0.772058824,-0.073529412,-0.941176471,-0.102941176,-0.522058824,-0.595588235,-0.669117647,-0.867647059,-0.830882353,-0.941176471,-0.970588235,-0.926470588,-0.470588235,-0.647058824,-0.610294118,-0.955882353,-0.801470588,-0.992647059,-0.955882353,-0.941176471,-0.433823529,-0.676470588,-0.580882353,-0.963235294,-0.779411765,-1,-0.933823529,-0.955882353,-0.411764706,-0.683823529,-0.566176471,-0.904411765,-0.735294118,-0.963235294,-0.875,-0.955882353
